Country,Code,Year,Undernourished_People 
Afghanistan,AFG,2001,9300000
Afghanistan,AFG,2002,9300000
Afghanistan,AFG,2003,8700000
Afghanistan,AFG,2004,8600000
Afghanistan,AFG,2005,8500000
Afghanistan,AFG,2006,8100000
Afghanistan,AFG,2007,7400000
Afghanistan,AFG,2008,6800000
Afghanistan,AFG,2009,6100000
Afghanistan,AFG,2010,5800000
Afghanistan,AFG,2011,5800000
Afghanistan,AFG,2012,6400000
Afghanistan,AFG,2013,6600000
Afghanistan,AFG,2014,6800000
Afghanistan,AFG,2015,7200000
Afghanistan,AFG,2016,7600000
Afghanistan,AFG,2017,8100000
Afghanistan,AFG,2018,8800000
Afghanistan,AFG,2019,10200000
Afghanistan,AFG,2020,11200000
Afghanistan,AFG,2021,12000000
Africa (FAO),,2000,183300000
Africa (FAO),,2001,182800000
Africa (FAO),,2002,184100000
Africa (FAO),,2003,186200000
Africa (FAO),,2004,186600000
Africa (FAO),,2005,178200000
Africa (FAO),,2006,178300000
Africa (FAO),,2007,182800000
Africa (FAO),,2008,182900000
Africa (FAO),,2009,182800000
Africa (FAO),,2010,159200000
Africa (FAO),,2011,160500000
Africa (FAO),,2012,164900000
Africa (FAO),,2013,170900000
Africa (FAO),,2014,178600000
Africa (FAO),,2015,189600000
Africa (FAO),,2016,204100000
Africa (FAO),,2017,207900000
Africa (FAO),,2018,215600000
Africa (FAO),,2019,225100000
Africa (FAO),,2020,254700000
Africa (FAO),,2021,270600000
Africa (FAO),,2022,281600000
Albania,ALB,2001,200000
Albania,ALB,2002,200000
Albania,ALB,2003,200000
Albania,ALB,2004,300000
Albania,ALB,2005,300000
Albania,ALB,2006,300000
Albania,ALB,2007,200000
Albania,ALB,2008,200000
Albania,ALB,2009,200000
Albania,ALB,2010,200000
Albania,ALB,2011,100000
Albania,ALB,2012,100000
Albania,ALB,2013,100000
Albania,ALB,2014,100000
Albania,ALB,2015,100000
Albania,ALB,2016,100000
Albania,ALB,2017,100000
Albania,ALB,2018,100000
Albania,ALB,2019,100000
Albania,ALB,2020,100000
Albania,ALB,2021,100000
Algeria,DZA,2001,2500000
Algeria,DZA,2002,2300000
Algeria,DZA,2003,2300000
Algeria,DZA,2004,2300000
Algeria,DZA,2005,2200000
Algeria,DZA,2006,2100000
Algeria,DZA,2007,2000000
Algeria,DZA,2008,1900000
Algeria,DZA,2009,1800000
Algeria,DZA,2010,1500000
Algeria,DZA,2011,1300000
Algeria,DZA,2012,1200000
Algeria,DZA,2013,1100000
Algeria,DZA,2014,1100000
Algeria,DZA,2015,1000000
Algeria,DZA,2016,1100000
Algeria,DZA,2017,1100000
Americas (FAO),,2000,56400000
Americas (FAO),,2001,55900000
Americas (FAO),,2002,58500000
Americas (FAO),,2003,54400000
Americas (FAO),,2004,54300000
Americas (FAO),,2005,51900000
Americas (FAO),,2006,48900000
Americas (FAO),,2007,47200000
Americas (FAO),,2008,44600000
Americas (FAO),,2009,45000000
Americas (FAO),,2010,36700000
Americas (FAO),,2011,35100000
Americas (FAO),,2012,34200000
Americas (FAO),,2013,33299999.999999996
Americas (FAO),,2014,31400000
Americas (FAO),,2015,32900000
Americas (FAO),,2016,38100000
Americas (FAO),,2017,36600000
Americas (FAO),,2018,37900000
Americas (FAO),,2019,36000000
Americas (FAO),,2020,42200000
Americas (FAO),,2021,45500000
Americas (FAO),,2022,43100000
Angola,AGO,2001,11500000
Angola,AGO,2002,11100000
Angola,AGO,2003,10700000
Angola,AGO,2004,10400000
Angola,AGO,2005,10200000
Angola,AGO,2006,10000000
Angola,AGO,2007,9800000
Angola,AGO,2008,9500000
Angola,AGO,2009,7300000
Angola,AGO,2010,5300000
Angola,AGO,2011,3500000
Angola,AGO,2012,3300000
Angola,AGO,2013,3300000
Angola,AGO,2014,3400000
Angola,AGO,2015,3800000
Angola,AGO,2016,4200000
Angola,AGO,2017,4400000
Angola,AGO,2018,4800000
Angola,AGO,2019,5700000
Angola,AGO,2020,6700000
Angola,AGO,2021,7400000
Argentina,ARG,2001,1200000
Argentina,ARG,2002,1500000
Argentina,ARG,2003,1700000
Argentina,ARG,2004,1600000
Argentina,ARG,2005,1500000
Argentina,ARG,2006,1400000
Argentina,ARG,2007,1400000
Argentina,ARG,2008,1400000
Argentina,ARG,2009,1400000
Argentina,ARG,2010,1500000
Argentina,ARG,2011,1400000
Argentina,ARG,2012,1400000
Argentina,ARG,2013,1300000
Argentina,ARG,2014,1100000
Argentina,ARG,2015,1200000
Argentina,ARG,2016,1300000
Argentina,ARG,2017,1400000
Argentina,ARG,2018,1500000
Argentina,ARG,2019,1500000
Argentina,ARG,2020,1500000
Argentina,ARG,2021,1400000
Armenia,ARM,2001,800000
Armenia,ARM,2002,800000
Armenia,ARM,2003,600000
Armenia,ARM,2004,500000
Armenia,ARM,2005,400000
Armenia,ARM,2006,300000
Armenia,ARM,2007,200000
Armenia,ARM,2008,200000
Armenia,ARM,2009,100000
Armenia,ARM,2010,100000
Asia (FAO),,2000,524600000
Asia (FAO),,2001,551500000
Asia (FAO),,2002,572000000
Asia (FAO),,2003,565100000
Asia (FAO),,2004,567000000
Asia (FAO),,2005,551900000
Asia (FAO),,2006,508800000
Asia (FAO),,2007,450900000
Asia (FAO),,2008,426200000
Asia (FAO),,2009,424000000
Asia (FAO),,2010,392800000
Asia (FAO),,2011,374200000
Asia (FAO),,2012,372600000
Asia (FAO),,2013,359900000
Asia (FAO),,2014,345700000
Asia (FAO),,2015,357800000
Asia (FAO),,2016,336000000
Asia (FAO),,2017,319300000
Asia (FAO),,2018,325200000
Asia (FAO),,2019,343900000
Asia (FAO),,2020,396200000
Asia (FAO),,2021,414100000
Asia (FAO),,2022,401600000
Azerbaijan,AZE,2001,1400000
Azerbaijan,AZE,2002,1100000
Azerbaijan,AZE,2003,900000
Azerbaijan,AZE,2004,600000
Azerbaijan,AZE,2005,400000
Azerbaijan,AZE,2006,200000
Bangladesh,BGD,2001,20500000
Bangladesh,BGD,2002,19800000
Bangladesh,BGD,2003,19700000
Bangladesh,BGD,2004,19200000
Bangladesh,BGD,2005,19200000
Bangladesh,BGD,2006,18800000
Bangladesh,BGD,2007,19100000
Bangladesh,BGD,2008,18800000
Bangladesh,BGD,2009,21200000
Bangladesh,BGD,2010,22600000
Bangladesh,BGD,2011,24200000
Bangladesh,BGD,2012,24000000
Bangladesh,BGD,2013,24000000
Bangladesh,BGD,2014,23100000
Bangladesh,BGD,2015,23300000
Bangladesh,BGD,2016,22800000
Bangladesh,BGD,2017,22000000
Bangladesh,BGD,2018,20700000
Bangladesh,BGD,2019,19600000
Bangladesh,BGD,2020,19500000
Bangladesh,BGD,2021,18900000
Barbados,BRB,2001,100000
Barbados,BRB,2002,100000
Barbados,BRB,2003,100000
Barbados,BRB,2004,100000
Barbados,BRB,2005,100000
Barbados,BRB,2006,100000
Barbados,BRB,2007,100000
Barbados,BRB,2008,100000
Barbados,BRB,2009,100000
Barbados,BRB,2010,100000
Barbados,BRB,2012,100000
Barbados,BRB,2013,100000
Barbados,BRB,2016,100000
Barbados,BRB,2017,100000
Belarus,BLR,2002,300000
Belarus,BLR,2003,300000
Belarus,BLR,2004,300000
Belize,BLZ,2001,100000
Belize,BLZ,2002,100000
Belize,BLZ,2003,100000
Belize,BLZ,2004,100000
Belize,BLZ,2005,100000
Belize,BLZ,2006,100000
Belize,BLZ,2007,100000
Belize,BLZ,2008,100000
Belize,BLZ,2009,100000
Belize,BLZ,2010,100000
Belize,BLZ,2011,100000
Belize,BLZ,2012,100000
Belize,BLZ,2013,100000
Belize,BLZ,2014,100000
Belize,BLZ,2015,100000
Belize,BLZ,2016,100000
Belize,BLZ,2017,100000
Belize,BLZ,2018,100000
Belize,BLZ,2019,100000
Belize,BLZ,2020,100000
Belize,BLZ,2021,100000
Benin,BEN,2001,1200000
Benin,BEN,2002,1200000
Benin,BEN,2003,1100000
Benin,BEN,2004,1000000
Benin,BEN,2005,1000000
Benin,BEN,2006,900000
Benin,BEN,2007,900000
Benin,BEN,2008,800000
Benin,BEN,2009,800000
Benin,BEN,2010,800000
Benin,BEN,2011,800000
Benin,BEN,2012,800000
Benin,BEN,2013,900000
Benin,BEN,2014,900000
Benin,BEN,2015,900000
Benin,BEN,2016,1000000
Benin,BEN,2017,1100000
Benin,BEN,2018,1200000
Benin,BEN,2019,1300000
Benin,BEN,2020,1300000
Benin,BEN,2021,1300000
Bolivia,BOL,2001,2400000
Bolivia,BOL,2002,2400000
Bolivia,BOL,2003,2500000
Bolivia,BOL,2004,2600000
Bolivia,BOL,2005,2500000
Bolivia,BOL,2006,2400000
Bolivia,BOL,2007,2300000
Bolivia,BOL,2008,2500000
Bolivia,BOL,2009,2400000
Bolivia,BOL,2010,2200000
Bolivia,BOL,2011,1900000
Bolivia,BOL,2012,1900000
Bolivia,BOL,2013,1900000
Bolivia,BOL,2014,1900000
Bolivia,BOL,2015,1800000
Bolivia,BOL,2016,1700000
Bolivia,BOL,2017,1600000
Bolivia,BOL,2018,1600000
Bolivia,BOL,2019,1600000
Bolivia,BOL,2020,1900000
Bolivia,BOL,2021,2300000
Bosnia and Herzegovina,BIH,2001,100000
Bosnia and Herzegovina,BIH,2002,100000
Bosnia and Herzegovina,BIH,2003,100000
Bosnia and Herzegovina,BIH,2010,100000
Bosnia and Herzegovina,BIH,2011,100000
Bosnia and Herzegovina,BIH,2012,100000
Botswana,BWA,2001,400000
Botswana,BWA,2002,400000
Botswana,BWA,2003,500000
Botswana,BWA,2004,400000
Botswana,BWA,2005,400000
Botswana,BWA,2006,400000
Botswana,BWA,2007,400000
Botswana,BWA,2008,400000
Botswana,BWA,2009,500000
Botswana,BWA,2010,500000
Botswana,BWA,2011,500000
Botswana,BWA,2012,500000
Botswana,BWA,2013,500000
Botswana,BWA,2014,500000
Botswana,BWA,2015,600000
Botswana,BWA,2016,600000
Botswana,BWA,2017,600000
Botswana,BWA,2018,600000
Botswana,BWA,2019,700000
Botswana,BWA,2020,600000
Botswana,BWA,2021,600000
Brazil,BRA,2001,19100000
Brazil,BRA,2002,16800000
Brazil,BRA,2003,14500000
Brazil,BRA,2004,12700000
Brazil,BRA,2005,12100000
Brazil,BRA,2006,11700000
Brazil,BRA,2007,10600000
Brazil,BRA,2008,9800000
Brazil,BRA,2009,8300000.000000001
Brazil,BRA,2010,7200000
Brazil,BRA,2011,6300000
Brazil,BRA,2012,5900000
Brazil,BRA,2013,5600000
Brazil,BRA,2014,5200000
Brazil,BRA,2020,7800000
Brazil,BRA,2021,10100000
Bulgaria,BGR,2001,300000
Bulgaria,BGR,2002,300000
Bulgaria,BGR,2003,400000
Bulgaria,BGR,2004,400000
Bulgaria,BGR,2005,400000
Bulgaria,BGR,2006,400000
Bulgaria,BGR,2007,400000
Bulgaria,BGR,2008,300000
Bulgaria,BGR,2009,300000
Bulgaria,BGR,2010,300000
Bulgaria,BGR,2011,400000
Bulgaria,BGR,2012,300000
Bulgaria,BGR,2013,300000
Bulgaria,BGR,2014,300000
Bulgaria,BGR,2015,300000
Bulgaria,BGR,2016,300000
Bulgaria,BGR,2017,200000
Bulgaria,BGR,2018,200000
Bulgaria,BGR,2019,200000
Bulgaria,BGR,2020,200000
Burkina Faso,BFA,2001,2800000
Burkina Faso,BFA,2002,2600000
Burkina Faso,BFA,2003,2500000
Burkina Faso,BFA,2004,2500000
Burkina Faso,BFA,2005,2500000
Burkina Faso,BFA,2006,2500000
Burkina Faso,BFA,2007,2400000
Burkina Faso,BFA,2008,2300000
Burkina Faso,BFA,2009,2300000
Burkina Faso,BFA,2010,2300000
Burkina Faso,BFA,2011,2400000
Burkina Faso,BFA,2012,2300000
Burkina Faso,BFA,2013,2300000
Burkina Faso,BFA,2014,2400000
Burkina Faso,BFA,2015,2500000
Burkina Faso,BFA,2016,2600000
Burkina Faso,BFA,2017,2700000
Burkina Faso,BFA,2018,2900000
Burkina Faso,BFA,2019,3100000
Burkina Faso,BFA,2020,3300000
Burkina Faso,BFA,2021,3600000
Cambodia,KHM,2001,3000000
Cambodia,KHM,2002,2700000
Cambodia,KHM,2003,2600000
Cambodia,KHM,2004,2500000
Cambodia,KHM,2005,2400000
Cambodia,KHM,2006,2200000
Cambodia,KHM,2007,2100000
Cambodia,KHM,2008,2100000
Cambodia,KHM,2009,1900000
Cambodia,KHM,2010,1600000
Cambodia,KHM,2011,1300000
Cambodia,KHM,2012,1200000
Cambodia,KHM,2013,1200000
Cambodia,KHM,2014,1100000
Cambodia,KHM,2015,1100000
Cambodia,KHM,2016,1000000
Cambodia,KHM,2017,900000
Cambodia,KHM,2018,800000
Cambodia,KHM,2019,700000
Cambodia,KHM,2020,800000
Cambodia,KHM,2021,800000
Cameroon,CMR,2001,3500000
Cameroon,CMR,2002,3300000
Cameroon,CMR,2003,3100000
Cameroon,CMR,2004,2900000
Cameroon,CMR,2005,2700000
Cameroon,CMR,2006,2500000
Cameroon,CMR,2007,2300000
Cameroon,CMR,2008,2100000
Cameroon,CMR,2009,1600000
Cameroon,CMR,2010,1200000
Cameroon,CMR,2011,800000
Cameroon,CMR,2012,800000
Cameroon,CMR,2013,800000
Cameroon,CMR,2014,900000
Cameroon,CMR,2015,1000000
Cameroon,CMR,2016,1200000
Cameroon,CMR,2017,1400000
Cameroon,CMR,2018,1500000
Cameroon,CMR,2019,1500000
Cameroon,CMR,2020,1500000
Cameroon,CMR,2021,1700000
Cape Verde,CPV,2001,100000
Cape Verde,CPV,2002,100000
Cape Verde,CPV,2003,100000
Cape Verde,CPV,2004,100000
Cape Verde,CPV,2005,100000
Cape Verde,CPV,2006,100000
Cape Verde,CPV,2007,100000
Cape Verde,CPV,2008,100000
Cape Verde,CPV,2009,100000
Cape Verde,CPV,2010,100000
Cape Verde,CPV,2011,100000
Cape Verde,CPV,2012,100000
Cape Verde,CPV,2013,100000
Cape Verde,CPV,2014,100000
Cape Verde,CPV,2015,100000
Cape Verde,CPV,2016,100000
Cape Verde,CPV,2017,100000
Cape Verde,CPV,2018,100000
Cape Verde,CPV,2019,100000
Cape Verde,CPV,2020,100000
Cape Verde,CPV,2021,100000
Caribbean (FAO),,2000,6800000
Caribbean (FAO),,2001,7000000
Caribbean (FAO),,2002,7000000
Caribbean (FAO),,2003,8100000
Caribbean (FAO),,2004,7700000
Caribbean (FAO),,2005,7400000
Caribbean (FAO),,2006,7000000
Caribbean (FAO),,2007,6900000
Caribbean (FAO),,2008,7200000
Caribbean (FAO),,2009,6800000
Caribbean (FAO),,2010,6100000
Caribbean (FAO),,2011,6000000
Caribbean (FAO),,2012,6100000
Caribbean (FAO),,2013,5900000
Caribbean (FAO),,2014,5500000
Caribbean (FAO),,2015,5600000
Caribbean (FAO),,2016,5800000
Caribbean (FAO),,2017,5700000
Caribbean (FAO),,2018,6100000
Caribbean (FAO),,2019,6200000
Caribbean (FAO),,2020,6700000
Caribbean (FAO),,2021,6500000
Caribbean (FAO),,2022,7200000
Central African Republic,CAF,2001,1500000
Central African Republic,CAF,2002,1600000
Central African Republic,CAF,2003,1600000
Central African Republic,CAF,2004,1600000
Central African Republic,CAF,2005,1600000
Central African Republic,CAF,2006,1600000
Central African Republic,CAF,2007,1500000
Central African Republic,CAF,2008,1500000
Central African Republic,CAF,2009,1500000
Central African Republic,CAF,2010,1600000
Central African Republic,CAF,2011,1600000
Central African Republic,CAF,2012,1800000
Central African Republic,CAF,2013,2000000
Central African Republic,CAF,2014,2300000
Central African Republic,CAF,2015,2400000
Central African Republic,CAF,2016,2400000
Central African Republic,CAF,2017,2300000
Central African Republic,CAF,2018,2300000
Central African Republic,CAF,2019,2300000
Central African Republic,CAF,2020,2400000
Central African Republic,CAF,2021,2700000
Central America (FAO),,2000,10900000
Central America (FAO),,2001,10000000
Central America (FAO),,2002,9900000
Central America (FAO),,2003,10900000
Central America (FAO),,2004,12300000
Central America (FAO),,2005,11700000
Central America (FAO),,2006,10800000
Central America (FAO),,2007,10700000
Central America (FAO),,2008,11900000
Central America (FAO),,2009,11900000
Central America (FAO),,2010,10600000
Central America (FAO),,2011,10500000
Central America (FAO),,2012,10300000
Central America (FAO),,2013,11000000
Central America (FAO),,2014,11300000
Central America (FAO),,2015,11200000
Central America (FAO),,2016,10500000
Central America (FAO),,2017,10400000
Central America (FAO),,2018,10500000
Central America (FAO),,2019,9000000
Central America (FAO),,2020,8500000
Central America (FAO),,2021,8900000
Central America (FAO),,2022,9100000
Central Asia (FAO),,2000,8100000
Central Asia (FAO),,2001,9400000
Central Asia (FAO),,2002,9900000
Central Asia (FAO),,2003,9300000
Central Asia (FAO),,2004,9200000
Central Asia (FAO),,2005,8199999.999999999
Central Asia (FAO),,2006,7500000
Central Asia (FAO),,2007,7000000
Central Asia (FAO),,2008,6900000
Central Asia (FAO),,2009,6900000
Central Asia (FAO),,2010,4200000
Central Asia (FAO),,2011,3700000
Central Asia (FAO),,2012,3500000
Central Asia (FAO),,2013,3300000
Central Asia (FAO),,2014,3000000
Central Asia (FAO),,2015,2800000
Central Asia (FAO),,2016,2600000
Central Asia (FAO),,2017,2500000
Central Asia (FAO),,2018,2200000
Central Asia (FAO),,2019,2000000
Central Asia (FAO),,2020,2500000
Central Asia (FAO),,2021,2400000
Central Asia (FAO),,2022,2300000
Chad,TCD,2001,3300000
Chad,TCD,2002,3300000
Chad,TCD,2003,3500000
Chad,TCD,2004,3600000
Chad,TCD,2005,3800000
Chad,TCD,2006,4000000
Chad,TCD,2007,4200000
Chad,TCD,2008,4500000
Chad,TCD,2009,4000000
Chad,TCD,2010,3600000
Chad,TCD,2011,3000000
Chad,TCD,2012,3000000
Chad,TCD,2013,3200000
Chad,TCD,2014,3500000
Chad,TCD,2015,3700000
Chad,TCD,2016,3800000
Chad,TCD,2017,3900000
Chad,TCD,2018,4200000
Chad,TCD,2019,4500000
Chad,TCD,2020,5000000
Chad,TCD,2021,5400000
Chile,CHL,2001,500000
Chile,CHL,2002,500000
Chile,CHL,2003,500000
Chile,CHL,2004,500000
Chile,CHL,2005,500000
Chile,CHL,2006,500000
Chile,CHL,2007,500000
Chile,CHL,2008,600000
Chile,CHL,2009,600000
Chile,CHL,2010,600000
Chile,CHL,2011,600000
Chile,CHL,2012,600000
Chile,CHL,2013,600000
Chile,CHL,2014,600000
Chile,CHL,2015,600000
Chile,CHL,2016,600000
Chile,CHL,2017,500000
Chile,CHL,2018,500000
Chile,CHL,2019,500000
Chile,CHL,2021,500000
China,CHN,2001,130300000.00000001
China,CHN,2002,123000000
China,CHN,2003,113900000
China,CHN,2004,103800000
China,CHN,2005,92500000
China,CHN,2006,80200000
China,CHN,2007,66300000
China,CHN,2008,52200000
China,CHN,2009,37600000
Colombia,COL,2001,3600000
Colombia,COL,2002,3700000
Colombia,COL,2003,4099999.9999999995
Colombia,COL,2004,4500000
Colombia,COL,2005,4800000
Colombia,COL,2006,5000000
Colombia,COL,2007,4900000
Colombia,COL,2008,5000000
Colombia,COL,2009,5000000
Colombia,COL,2010,5100000
Colombia,COL,2011,4500000
Colombia,COL,2012,3900000
Colombia,COL,2013,3200000
Colombia,COL,2014,2700000
Colombia,COL,2015,2300000
Colombia,COL,2016,2100000
Colombia,COL,2017,2100000
Colombia,COL,2018,2300000
Colombia,COL,2019,2700000
Colombia,COL,2020,3200000
Colombia,COL,2021,3400000
Comoros,COM,2001,100000
Comoros,COM,2002,100000
Comoros,COM,2003,100000
Comoros,COM,2004,100000
Comoros,COM,2005,100000
Comoros,COM,2006,100000
Comoros,COM,2007,100000
Comoros,COM,2008,100000
Comoros,COM,2009,100000
Comoros,COM,2010,100000
Comoros,COM,2011,100000
Comoros,COM,2012,100000
Comoros,COM,2013,100000
Comoros,COM,2014,100000
Comoros,COM,2015,100000
Comoros,COM,2016,100000
Comoros,COM,2017,100000
Comoros,COM,2018,100000
Comoros,COM,2019,100000
Comoros,COM,2020,100000
Comoros,COM,2021,100000
Congo,COG,2001,900000
Congo,COG,2002,900000
Congo,COG,2003,900000
Congo,COG,2004,1100000
Congo,COG,2005,1300000
Congo,COG,2006,1400000
Congo,COG,2007,1400000
Congo,COG,2008,1500000
Congo,COG,2009,1600000
Congo,COG,2010,1700000
Congo,COG,2011,1800000
Congo,COG,2012,1700000
Congo,COG,2013,1500000
Congo,COG,2014,1400000
Congo,COG,2015,1400000
Congo,COG,2016,1500000
Congo,COG,2017,1600000
Congo,COG,2018,1700000
Congo,COG,2019,1700000
Congo,COG,2020,1800000
Congo,COG,2021,1900000
Costa Rica,CRI,2001,200000
Costa Rica,CRI,2002,200000
Costa Rica,CRI,2003,200000
Costa Rica,CRI,2004,200000
Costa Rica,CRI,2005,200000
Costa Rica,CRI,2006,200000
Costa Rica,CRI,2007,200000
Costa Rica,CRI,2008,200000
Costa Rica,CRI,2009,200000
Costa Rica,CRI,2010,200000
Costa Rica,CRI,2011,200000
Costa Rica,CRI,2012,200000
Costa Rica,CRI,2013,200000
Costa Rica,CRI,2014,200000
Costa Rica,CRI,2015,200000
Costa Rica,CRI,2016,200000
Costa Rica,CRI,2017,200000
Costa Rica,CRI,2018,200000
Costa Rica,CRI,2019,200000
Costa Rica,CRI,2020,200000
Costa Rica,CRI,2021,200000
Cote d'Ivoire,CIV,2001,3100000
Cote d'Ivoire,CIV,2002,3200000
Cote d'Ivoire,CIV,2003,3200000
Cote d'Ivoire,CIV,2004,3200000
Cote d'Ivoire,CIV,2005,3200000
Cote d'Ivoire,CIV,2006,3300000
Cote d'Ivoire,CIV,2007,3600000
Cote d'Ivoire,CIV,2008,3800000
Cote d'Ivoire,CIV,2009,3800000
Cote d'Ivoire,CIV,2010,3500000
Cote d'Ivoire,CIV,2011,3100000
Cote d'Ivoire,CIV,2012,3000000
Cote d'Ivoire,CIV,2013,3000000
Cote d'Ivoire,CIV,2014,2900000
Cote d'Ivoire,CIV,2015,2800000
Cote d'Ivoire,CIV,2016,2600000
Cote d'Ivoire,CIV,2017,2400000
Cote d'Ivoire,CIV,2018,2300000
Cote d'Ivoire,CIV,2019,2200000
Cote d'Ivoire,CIV,2020,2100000
Cote d'Ivoire,CIV,2021,2100000
Croatia,HRV,2001,300000
Croatia,HRV,2002,200000
Croatia,HRV,2003,200000
Croatia,HRV,2004,100000
Croatia,HRV,2011,100000
Cyprus,CYP,2001,100000
Cyprus,CYP,2002,100000
Cyprus,CYP,2003,100000
Cyprus,CYP,2004,100000
Cyprus,CYP,2005,100000
Cyprus,CYP,2006,100000
Cyprus,CYP,2007,100000
Cyprus,CYP,2008,100000
Cyprus,CYP,2009,100000
Cyprus,CYP,2010,100000
Democratic Republic of Congo,COD,2001,14000000
Democratic Republic of Congo,COD,2002,14600000
Democratic Republic of Congo,COD,2003,15100000
Democratic Republic of Congo,COD,2004,15600000
Democratic Republic of Congo,COD,2005,16100000.000000002
Democratic Republic of Congo,COD,2006,16600000.000000002
Democratic Republic of Congo,COD,2007,17100000
Democratic Republic of Congo,COD,2008,17700000
Democratic Republic of Congo,COD,2009,18200000
Democratic Republic of Congo,COD,2010,18600000
Democratic Republic of Congo,COD,2011,19500000
Democratic Republic of Congo,COD,2012,20700000
Democratic Republic of Congo,COD,2013,21600000
Democratic Republic of Congo,COD,2014,22500000
Democratic Republic of Congo,COD,2015,23800000
Democratic Republic of Congo,COD,2016,25100000
Democratic Republic of Congo,COD,2017,26300000
Democratic Republic of Congo,COD,2018,27000000
Democratic Republic of Congo,COD,2019,29200000
Democratic Republic of Congo,COD,2020,31400000
Democratic Republic of Congo,COD,2021,33800000
Djibouti,DJI,2001,300000
Djibouti,DJI,2002,300000
Djibouti,DJI,2003,300000
Djibouti,DJI,2004,300000
Djibouti,DJI,2005,300000
Djibouti,DJI,2006,200000
Djibouti,DJI,2007,200000
Djibouti,DJI,2008,200000
Djibouti,DJI,2009,200000
Djibouti,DJI,2010,200000
Djibouti,DJI,2011,300000
Djibouti,DJI,2012,300000
Djibouti,DJI,2013,200000
Djibouti,DJI,2014,200000
Djibouti,DJI,2015,200000
Djibouti,DJI,2016,200000
Djibouti,DJI,2017,200000
Djibouti,DJI,2018,200000
Djibouti,DJI,2019,200000
Djibouti,DJI,2020,200000
Djibouti,DJI,2021,200000
Dominica,DMA,2001,100000
Dominica,DMA,2002,100000
Dominica,DMA,2003,100000
Dominica,DMA,2004,100000
Dominica,DMA,2005,100000
Dominica,DMA,2006,100000
Dominica,DMA,2007,100000
Dominica,DMA,2008,100000
Dominica,DMA,2009,100000
Dominica,DMA,2010,100000
Dominica,DMA,2011,100000
Dominica,DMA,2012,100000
Dominica,DMA,2013,100000
Dominica,DMA,2014,100000
Dominica,DMA,2015,100000
Dominica,DMA,2016,100000
Dominica,DMA,2017,100000
Dominica,DMA,2018,100000
Dominica,DMA,2019,100000
Dominica,DMA,2020,100000
Dominica,DMA,2021,100000
Dominican Republic,DOM,2001,1800000
Dominican Republic,DOM,2002,2000000
Dominican Republic,DOM,2003,2100000
Dominican Republic,DOM,2004,2100000
Dominican Republic,DOM,2005,1800000
Dominican Republic,DOM,2006,1500000
Dominican Republic,DOM,2007,1500000
Dominican Republic,DOM,2008,1500000
Dominican Republic,DOM,2009,1500000
Dominican Republic,DOM,2010,1300000
Dominican Republic,DOM,2011,1200000
Dominican Republic,DOM,2012,1000000
Dominican Republic,DOM,2013,900000
Dominican Republic,DOM,2014,900000
Dominican Republic,DOM,2015,800000
Dominican Republic,DOM,2016,700000
Dominican Republic,DOM,2017,600000
Dominican Republic,DOM,2018,600000
Dominican Republic,DOM,2019,700000
Dominican Republic,DOM,2020,700000
Dominican Republic,DOM,2021,700000
East Timor,TLS,2001,400000
East Timor,TLS,2002,300000
East Timor,TLS,2003,300000
East Timor,TLS,2004,300000
East Timor,TLS,2005,300000
East Timor,TLS,2006,300000
East Timor,TLS,2007,300000
East Timor,TLS,2008,300000
East Timor,TLS,2009,400000
East Timor,TLS,2010,400000
East Timor,TLS,2011,400000
East Timor,TLS,2012,400000
East Timor,TLS,2013,300000
East Timor,TLS,2014,300000
East Timor,TLS,2015,300000
East Timor,TLS,2016,300000
East Timor,TLS,2017,300000
East Timor,TLS,2018,300000
East Timor,TLS,2019,300000
East Timor,TLS,2020,300000
East Timor,TLS,2021,300000
Eastern Africa (FAO),,2000,99200000
Eastern Africa (FAO),,2001,98500000
Eastern Africa (FAO),,2002,99300000
Eastern Africa (FAO),,2003,101700000
Eastern Africa (FAO),,2004,102300000
Eastern Africa (FAO),,2005,94200000
Eastern Africa (FAO),,2006,95700000
Eastern Africa (FAO),,2007,99700000
Eastern Africa (FAO),,2008,100700000
Eastern Africa (FAO),,2009,98500000
Eastern Africa (FAO),,2010,81500000
Eastern Africa (FAO),,2011,81600000
Eastern Africa (FAO),,2012,81000000
Eastern Africa (FAO),,2013,83100000
Eastern Africa (FAO),,2014,91400000
Eastern Africa (FAO),,2015,96800000
Eastern Africa (FAO),,2016,106100000
Eastern Africa (FAO),,2017,108600000
Eastern Africa (FAO),,2018,110800000
Eastern Africa (FAO),,2019,116900000
Eastern Africa (FAO),,2020,126400000
Eastern Africa (FAO),,2021,131199999.99999999
Eastern Africa (FAO),,2022,134600000
Eastern Asia (FAO),,2000,150400000
Eastern Asia (FAO),,2001,144400000
Eastern Asia (FAO),,2002,134199999.99999999
Eastern Asia (FAO),,2003,129000000
Eastern Asia (FAO),,2004,116000000
Eastern Asia (FAO),,2005,104200000
Eastern Asia (FAO),,2006,96800000
Eastern Asia (FAO),,2007,81100000
Eastern Asia (FAO),,2008,64800000
Eastern Asia (FAO),,2009,56700000
Eastern Asia and South-eastern Asia (FAO),,2000,258300000
Eastern Asia and South-eastern Asia (FAO),,2001,253500000
Eastern Asia and South-eastern Asia (FAO),,2002,237500000
Eastern Asia and South-eastern Asia (FAO),,2003,229600000
Eastern Asia and South-eastern Asia (FAO),,2004,213600000
Eastern Asia and South-eastern Asia (FAO),,2005,201800000
Eastern Asia and South-eastern Asia (FAO),,2006,190600000
Eastern Asia and South-eastern Asia (FAO),,2007,168600000
Eastern Asia and South-eastern Asia (FAO),,2008,148400000
Eastern Asia and South-eastern Asia (FAO),,2009,135100000
Eastern Asia and South-eastern Asia (FAO),,2010,105300000
Eastern Asia and South-eastern Asia (FAO),,2011,93300000
Eastern Asia and South-eastern Asia (FAO),,2012,83900000
Eastern Asia and South-eastern Asia (FAO),,2013,81400000
Eastern Asia and South-eastern Asia (FAO),,2014,72000000
Eastern Asia and South-eastern Asia (FAO),,2015,70600000
Eastern Asia and South-eastern Asia (FAO),,2016,63600000
Eastern Asia and South-eastern Asia (FAO),,2017,57600000
Eastern Asia and South-eastern Asia (FAO),,2018,58200000
Eastern Europe (FAO),,2000,11900000
Eastern Europe (FAO),,2001,9700000
Eastern Europe (FAO),,2002,8400000
Eastern Europe (FAO),,2003,8300000.000000001
Ecuador,ECU,2001,2700000
Ecuador,ECU,2002,3000000
Ecuador,ECU,2003,3000000
Ecuador,ECU,2004,3100000
Ecuador,ECU,2005,3100000
Ecuador,ECU,2006,3200000
Ecuador,ECU,2007,3100000
Ecuador,ECU,2008,3100000
Ecuador,ECU,2009,2300000
Ecuador,ECU,2010,1800000
Ecuador,ECU,2011,1200000
Ecuador,ECU,2012,1300000
Ecuador,ECU,2013,1400000
Ecuador,ECU,2014,1400000
Ecuador,ECU,2015,1500000
Ecuador,ECU,2016,1600000
Ecuador,ECU,2017,1800000
Ecuador,ECU,2018,2000000
Ecuador,ECU,2019,2300000
Ecuador,ECU,2020,2500000
Ecuador,ECU,2021,2500000
Egypt,EGY,2001,3800000
Egypt,EGY,2002,4000000
Egypt,EGY,2003,4500000
Egypt,EGY,2004,4900000
Egypt,EGY,2005,5000000
Egypt,EGY,2006,4800000
Egypt,EGY,2007,4600000
Egypt,EGY,2008,4600000
Egypt,EGY,2009,4400000
Egypt,EGY,2010,4500000
Egypt,EGY,2011,4300000
Egypt,EGY,2012,4700000
Egypt,EGY,2013,5000000
Egypt,EGY,2014,5300000
Egypt,EGY,2015,5700000
Egypt,EGY,2016,6000000
Egypt,EGY,2017,6500000
Egypt,EGY,2018,6600000
Egypt,EGY,2019,6600000
Egypt,EGY,2020,6900000
Egypt,EGY,2021,7800000
El Salvador,SLV,2001,400000
El Salvador,SLV,2002,400000
El Salvador,SLV,2003,500000
El Salvador,SLV,2004,500000
El Salvador,SLV,2005,600000
El Salvador,SLV,2006,600000
El Salvador,SLV,2007,600000
El Salvador,SLV,2008,600000
El Salvador,SLV,2009,600000
El Salvador,SLV,2010,600000
El Salvador,SLV,2011,600000
El Salvador,SLV,2012,600000
El Salvador,SLV,2013,600000
El Salvador,SLV,2014,600000
El Salvador,SLV,2015,600000
El Salvador,SLV,2016,600000
El Salvador,SLV,2017,500000
El Salvador,SLV,2018,400000
El Salvador,SLV,2019,500000
El Salvador,SLV,2020,400000
El Salvador,SLV,2021,500000
Estonia,EST,2001,100000
Estonia,EST,2002,100000
Estonia,EST,2003,100000
Estonia,EST,2004,100000
Eswatini,SWZ,2001,100000
Eswatini,SWZ,2002,100000
Eswatini,SWZ,2003,100000
Eswatini,SWZ,2004,100000
Eswatini,SWZ,2005,100000
Eswatini,SWZ,2006,100000
Eswatini,SWZ,2007,100000
Eswatini,SWZ,2008,100000
Eswatini,SWZ,2009,200000
Eswatini,SWZ,2010,200000
Eswatini,SWZ,2011,200000
Eswatini,SWZ,2012,200000
Eswatini,SWZ,2013,200000
Eswatini,SWZ,2014,200000
Eswatini,SWZ,2015,200000
Eswatini,SWZ,2016,200000
Eswatini,SWZ,2017,200000
Eswatini,SWZ,2018,200000
Eswatini,SWZ,2019,100000
Eswatini,SWZ,2020,100000
Eswatini,SWZ,2021,100000
Ethiopia,ETH,2001,32200000.000000004
Ethiopia,ETH,2002,31300000
Ethiopia,ETH,2003,31100000
Ethiopia,ETH,2004,29400000
Ethiopia,ETH,2005,28700000
Ethiopia,ETH,2006,28400000
Ethiopia,ETH,2007,28700000
Ethiopia,ETH,2008,28200000
Ethiopia,ETH,2009,24500000
Ethiopia,ETH,2010,21600000
Ethiopia,ETH,2011,18700000
Ethiopia,ETH,2012,17800000
Ethiopia,ETH,2013,16800000
Ethiopia,ETH,2014,15500000
Ethiopia,ETH,2015,14800000
Ethiopia,ETH,2016,14900000
Ethiopia,ETH,2017,16800000
Ethiopia,ETH,2018,20000000
Ethiopia,ETH,2019,23700000
Ethiopia,ETH,2020,26200000
Ethiopia,ETH,2021,26400000
Fiji,FJI,2001,100000
Fiji,FJI,2002,100000
Fiji,FJI,2003,100000
Fiji,FJI,2004,100000
Fiji,FJI,2005,100000
Fiji,FJI,2006,100000
Fiji,FJI,2007,100000
Fiji,FJI,2008,100000
Fiji,FJI,2009,100000
Fiji,FJI,2010,100000
Fiji,FJI,2011,100000
Fiji,FJI,2012,100000
Fiji,FJI,2013,100000
Fiji,FJI,2014,100000
Fiji,FJI,2015,100000
Fiji,FJI,2016,100000
Fiji,FJI,2017,100000
Fiji,FJI,2018,100000
Fiji,FJI,2019,100000
Fiji,FJI,2020,100000
Fiji,FJI,2021,100000
French Polynesia,PYF,2001,100000
French Polynesia,PYF,2002,100000
French Polynesia,PYF,2003,100000
French Polynesia,PYF,2004,100000
French Polynesia,PYF,2005,100000
French Polynesia,PYF,2006,100000
French Polynesia,PYF,2007,100000
French Polynesia,PYF,2008,100000
French Polynesia,PYF,2009,100000
French Polynesia,PYF,2010,100000
French Polynesia,PYF,2011,100000
French Polynesia,PYF,2012,100000
French Polynesia,PYF,2013,100000
French Polynesia,PYF,2014,100000
French Polynesia,PYF,2015,100000
French Polynesia,PYF,2016,100000
French Polynesia,PYF,2017,100000
French Polynesia,PYF,2018,100000
French Polynesia,PYF,2019,100000
French Polynesia,PYF,2020,100000
French Polynesia,PYF,2021,100000
Gabon,GAB,2001,100000
Gabon,GAB,2002,200000
Gabon,GAB,2003,200000
Gabon,GAB,2004,200000
Gabon,GAB,2005,200000
Gabon,GAB,2006,200000
Gabon,GAB,2007,200000
Gabon,GAB,2008,300000
Gabon,GAB,2009,300000
Gabon,GAB,2010,300000
Gabon,GAB,2011,300000
Gabon,GAB,2012,300000
Gabon,GAB,2013,300000
Gabon,GAB,2014,300000
Gabon,GAB,2015,300000
Gabon,GAB,2016,400000
Gabon,GAB,2017,400000
Gabon,GAB,2018,400000
Gabon,GAB,2019,500000
Gabon,GAB,2020,500000
Gabon,GAB,2021,500000
Gambia,GMB,2001,300000
Gambia,GMB,2002,300000
Gambia,GMB,2003,300000
Gambia,GMB,2004,300000
Gambia,GMB,2005,400000
Gambia,GMB,2006,400000
Gambia,GMB,2007,300000
Gambia,GMB,2008,300000
Gambia,GMB,2009,300000
Gambia,GMB,2010,300000
Gambia,GMB,2011,300000
Gambia,GMB,2012,300000
Gambia,GMB,2013,300000
Gambia,GMB,2014,300000
Gambia,GMB,2015,400000
Gambia,GMB,2016,400000
Gambia,GMB,2017,400000
Gambia,GMB,2018,400000
Gambia,GMB,2019,500000
Gambia,GMB,2020,500000
Gambia,GMB,2021,500000
Georgia,GEO,2001,300000
Georgia,GEO,2002,200000
Georgia,GEO,2003,200000
Georgia,GEO,2004,200000
Georgia,GEO,2005,200000
Georgia,GEO,2006,200000
Georgia,GEO,2007,200000
Georgia,GEO,2008,100000
Georgia,GEO,2009,100000
Georgia,GEO,2010,200000
Georgia,GEO,2011,200000
Georgia,GEO,2012,200000
Georgia,GEO,2013,200000
Georgia,GEO,2014,100000
Georgia,GEO,2015,100000
Georgia,GEO,2016,100000
Georgia,GEO,2017,100000
Georgia,GEO,2018,100000
Georgia,GEO,2019,100000
Georgia,GEO,2020,100000
Georgia,GEO,2021,100000
Ghana,GHA,2001,3000000
Ghana,GHA,2002,2800000
Ghana,GHA,2003,2700000
Ghana,GHA,2004,2700000
Ghana,GHA,2005,2500000
Ghana,GHA,2006,2400000
Ghana,GHA,2007,2200000
Ghana,GHA,2008,2000000
Ghana,GHA,2009,1600000
Ghana,GHA,2010,1600000
Ghana,GHA,2011,1600000
Ghana,GHA,2012,1800000
Ghana,GHA,2013,1900000
Ghana,GHA,2014,2100000
Ghana,GHA,2015,2400000
Ghana,GHA,2016,2400000
Ghana,GHA,2017,2300000
Ghana,GHA,2018,2000000
Ghana,GHA,2019,1800000
Ghana,GHA,2020,1600000
Ghana,GHA,2021,1600000
Guatemala,GTM,2001,2700000
Guatemala,GTM,2002,2500000
Guatemala,GTM,2003,2400000
Guatemala,GTM,2004,2500000
Guatemala,GTM,2005,2500000
Guatemala,GTM,2006,2500000
Guatemala,GTM,2007,2600000
Guatemala,GTM,2008,2600000
Guatemala,GTM,2009,2500000
Guatemala,GTM,2010,2300000
Guatemala,GTM,2011,2300000
Guatemala,GTM,2012,2400000
Guatemala,GTM,2013,2500000
Guatemala,GTM,2014,2500000
Guatemala,GTM,2015,2500000
Guatemala,GTM,2016,2400000
Guatemala,GTM,2017,2400000
Guatemala,GTM,2018,2400000
Guatemala,GTM,2019,2400000
Guatemala,GTM,2020,2400000
Guatemala,GTM,2021,2300000
Guinea,GIN,2001,1500000
Guinea,GIN,2002,1500000
Guinea,GIN,2003,1500000
Guinea,GIN,2004,1400000
Guinea,GIN,2005,1400000
Guinea,GIN,2006,1300000
Guinea,GIN,2007,1200000
Guinea,GIN,2008,1200000
Guinea,GIN,2009,1400000
Guinea,GIN,2010,1600000
Guinea,GIN,2011,1700000
Guinea,GIN,2012,1600000
Guinea,GIN,2013,1500000
Guinea,GIN,2014,1500000
Guinea,GIN,2015,1500000
Guinea,GIN,2016,1600000
Guinea,GIN,2017,1600000
Guinea,GIN,2018,1600000
Guinea,GIN,2019,1600000
Guinea,GIN,2020,1600000
Guinea,GIN,2021,1800000
Guinea-Bissau,GNB,2001,200000
Guinea-Bissau,GNB,2002,200000
Guinea-Bissau,GNB,2003,200000
Guinea-Bissau,GNB,2004,200000
Guinea-Bissau,GNB,2005,200000
Guinea-Bissau,GNB,2006,200000
Guinea-Bissau,GNB,2007,200000
Guinea-Bissau,GNB,2008,200000
Guinea-Bissau,GNB,2009,300000
Guinea-Bissau,GNB,2010,400000
Guinea-Bissau,GNB,2011,500000
Guinea-Bissau,GNB,2012,500000
Guinea-Bissau,GNB,2013,600000
Guinea-Bissau,GNB,2014,600000
Guinea-Bissau,GNB,2015,600000
Guinea-Bissau,GNB,2016,600000
Guinea-Bissau,GNB,2017,600000
Guinea-Bissau,GNB,2018,600000
Guinea-Bissau,GNB,2019,700000
Guinea-Bissau,GNB,2020,700000
Guinea-Bissau,GNB,2021,800000
Guyana,GUY,2001,100000
Guyana,GUY,2002,100000
Guyana,GUY,2003,100000
Guyana,GUY,2004,100000
Guyana,GUY,2005,100000
Guyana,GUY,2006,100000
Guyana,GUY,2007,100000
Guyana,GUY,2008,100000
Guyana,GUY,2009,100000
Guyana,GUY,2010,100000
Guyana,GUY,2011,100000
Guyana,GUY,2012,100000
Guyana,GUY,2013,100000
Guyana,GUY,2014,100000
Guyana,GUY,2015,100000
Guyana,GUY,2016,100000
Guyana,GUY,2017,100000
Guyana,GUY,2018,100000
Guyana,GUY,2019,100000
Guyana,GUY,2020,100000
Haiti,HTI,2001,4200000
Haiti,HTI,2002,4400000
Haiti,HTI,2003,4600000
Haiti,HTI,2004,4700000
Haiti,HTI,2005,4700000
Haiti,HTI,2006,4700000
Haiti,HTI,2007,4600000
Haiti,HTI,2008,4500000
Haiti,HTI,2009,4300000
Haiti,HTI,2010,4099999.9999999995
Haiti,HTI,2011,4099999.9999999995
Haiti,HTI,2012,4099999.9999999995
Haiti,HTI,2013,4099999.9999999995
Haiti,HTI,2014,4000000
Haiti,HTI,2015,4099999.9999999995
Haiti,HTI,2016,4200000
Haiti,HTI,2017,4500000
Haiti,HTI,2018,4600000
Haiti,HTI,2019,4900000
Haiti,HTI,2020,4900000
Haiti,HTI,2021,5100000
Honduras,HND,2001,1500000
Honduras,HND,2002,1500000
Honduras,HND,2003,1600000
Honduras,HND,2004,1700000
Honduras,HND,2005,1700000
Honduras,HND,2006,1700000
Honduras,HND,2007,1700000
Honduras,HND,2008,1700000
Honduras,HND,2009,1500000
Honduras,HND,2010,1400000
Honduras,HND,2011,1200000
Honduras,HND,2012,1300000
Honduras,HND,2013,1400000
Honduras,HND,2014,1400000
Honduras,HND,2015,1400000
Honduras,HND,2016,1400000
Honduras,HND,2017,1400000
Honduras,HND,2018,1400000
Honduras,HND,2019,1400000
Honduras,HND,2020,1600000
Honduras,HND,2021,1900000
India,IND,2001,197200000
India,IND,2002,219000000
India,IND,2003,239600000
India,IND,2004,249600000
India,IND,2005,247200000
India,IND,2006,227100000
India,IND,2007,204500000
India,IND,2008,196000000
India,IND,2009,196000000
India,IND,2010,195200000
India,IND,2011,193200000
India,IND,2012,188700000
India,IND,2013,188100000
India,IND,2014,188300000
India,IND,2015,185900000
India,IND,2016,181100000
India,IND,2017,174300000
India,IND,2018,179400000
India,IND,2019,199700000
India,IND,2020,222100000
India,IND,2021,233900000
Indonesia,IDN,2001,41200000
Indonesia,IDN,2002,41900000
Indonesia,IDN,2003,42100000
Indonesia,IDN,2004,43100000
Indonesia,IDN,2005,44200000
Indonesia,IDN,2006,44200000
Indonesia,IDN,2007,43500000
Indonesia,IDN,2008,41300000
Indonesia,IDN,2009,37500000
Indonesia,IDN,2010,32200000.000000004
Indonesia,IDN,2011,27200000
Indonesia,IDN,2012,23900000
Indonesia,IDN,2013,21200000
Indonesia,IDN,2014,20400000
Indonesia,IDN,2015,18900000
Indonesia,IDN,2016,17500000
Indonesia,IDN,2017,15900000
Indonesia,IDN,2018,15700000
Indonesia,IDN,2019,16300000
Indonesia,IDN,2020,16500000
Indonesia,IDN,2021,16200000
Iran,IRN,2001,3300000
Iran,IRN,2002,3500000
Iran,IRN,2003,3500000
Iran,IRN,2004,3500000
Iran,IRN,2005,3800000
Iran,IRN,2006,4099999.9999999995
Iran,IRN,2007,4400000
Iran,IRN,2008,4200000
Iran,IRN,2009,4600000
Iran,IRN,2010,5300000
Iran,IRN,2011,5800000
Iran,IRN,2012,5600000
Iran,IRN,2013,5000000
Iran,IRN,2014,5000000
Iran,IRN,2015,5200000
Iran,IRN,2016,5700000
Iran,IRN,2017,6100000
Iran,IRN,2018,6200000
Iran,IRN,2019,6000000
Iran,IRN,2020,5400000
Iran,IRN,2021,5300000
Iraq,IRQ,2001,5500000
Iraq,IRQ,2002,5500000
Iraq,IRQ,2003,5400000
Iraq,IRQ,2004,5300000
Iraq,IRQ,2005,5100000
Iraq,IRQ,2006,5100000
Iraq,IRQ,2007,5100000
Iraq,IRQ,2008,5000000
Iraq,IRQ,2009,4800000
Iraq,IRQ,2010,4600000
Iraq,IRQ,2011,4900000
Iraq,IRQ,2012,5300000
Iraq,IRQ,2013,5800000
Iraq,IRQ,2014,6200000
Iraq,IRQ,2015,6500000
Iraq,IRQ,2016,6800000
Iraq,IRQ,2017,6900000
Iraq,IRQ,2018,7000000
Iraq,IRQ,2019,7000000
Iraq,IRQ,2020,7000000
Iraq,IRQ,2021,7100000
Jamaica,JAM,2001,200000
Jamaica,JAM,2002,200000
Jamaica,JAM,2003,200000
Jamaica,JAM,2004,200000
Jamaica,JAM,2005,200000
Jamaica,JAM,2006,200000
Jamaica,JAM,2007,200000
Jamaica,JAM,2008,300000
Jamaica,JAM,2009,300000
Jamaica,JAM,2010,200000
Jamaica,JAM,2011,200000
Jamaica,JAM,2012,200000
Jamaica,JAM,2013,200000
Jamaica,JAM,2014,200000
Jamaica,JAM,2015,200000
Jamaica,JAM,2016,200000
Jamaica,JAM,2017,200000
Jamaica,JAM,2018,200000
Jamaica,JAM,2019,200000
Jamaica,JAM,2020,200000
Jamaica,JAM,2021,200000
Japan,JPN,2009,3400000
Japan,JPN,2010,3600000
Japan,JPN,2011,3300000
Japan,JPN,2020,3300000
Japan,JPN,2021,4000000
Kazakhstan,KAZ,2001,1000000
Kazakhstan,KAZ,2002,1000000
Kazakhstan,KAZ,2003,1100000
Kazakhstan,KAZ,2004,1100000
Kazakhstan,KAZ,2005,1100000
Kazakhstan,KAZ,2006,1000000
Kazakhstan,KAZ,2007,800000
Kazakhstan,KAZ,2008,700000
Kazakhstan,KAZ,2009,600000
Kazakhstan,KAZ,2010,500000
Kazakhstan,KAZ,2011,400000
Kenya,KEN,2001,10300000
Kenya,KEN,2002,11100000
Kenya,KEN,2003,11800000
Kenya,KEN,2004,11200000
Kenya,KEN,2005,10200000
Kenya,KEN,2006,9700000
Kenya,KEN,2007,10300000
Kenya,KEN,2008,10600000
Kenya,KEN,2009,9800000
Kenya,KEN,2010,8800000
Kenya,KEN,2011,8199999.999999999
Kenya,KEN,2012,8000000
Kenya,KEN,2013,8100000
Kenya,KEN,2014,8400000
Kenya,KEN,2015,9400000
Kenya,KEN,2016,10300000
Kenya,KEN,2017,11200000
Kenya,KEN,2018,11100000
Kenya,KEN,2019,11700000
Kenya,KEN,2020,12800000
Kenya,KEN,2021,14700000
Kiribati,KIR,2001,100000
Kiribati,KIR,2002,100000
Kiribati,KIR,2003,100000
Kiribati,KIR,2004,100000
Kiribati,KIR,2005,100000
Kiribati,KIR,2006,100000
Kiribati,KIR,2007,100000
Kiribati,KIR,2008,100000
Kiribati,KIR,2009,100000
Kiribati,KIR,2010,100000
Kiribati,KIR,2011,100000
Kiribati,KIR,2012,100000
Kiribati,KIR,2013,100000
Kiribati,KIR,2014,100000
Kiribati,KIR,2015,100000
Kiribati,KIR,2016,100000
Kiribati,KIR,2017,100000
Kiribati,KIR,2018,100000
Kiribati,KIR,2019,100000
Kiribati,KIR,2020,100000
Kiribati,KIR,2021,100000
Kuwait,KWT,2001,100000
Kuwait,KWT,2018,100000
Kuwait,KWT,2019,100000
Kyrgyzstan,KGZ,2001,700000
Kyrgyzstan,KGZ,2002,600000
Kyrgyzstan,KGZ,2003,500000
Kyrgyzstan,KGZ,2004,400000
Kyrgyzstan,KGZ,2005,400000
Kyrgyzstan,KGZ,2006,400000
Kyrgyzstan,KGZ,2007,500000
Kyrgyzstan,KGZ,2008,500000
Kyrgyzstan,KGZ,2009,400000
Kyrgyzstan,KGZ,2010,400000
Kyrgyzstan,KGZ,2011,400000
Kyrgyzstan,KGZ,2012,300000
Kyrgyzstan,KGZ,2013,300000
Kyrgyzstan,KGZ,2014,300000
Kyrgyzstan,KGZ,2015,300000
Kyrgyzstan,KGZ,2016,300000
Kyrgyzstan,KGZ,2017,300000
Kyrgyzstan,KGZ,2018,300000
Kyrgyzstan,KGZ,2019,300000
Kyrgyzstan,KGZ,2020,300000
Kyrgyzstan,KGZ,2021,300000
Land Locked Developing Countries (FAO),,2000,103200000
Land Locked Developing Countries (FAO),,2001,102600000
Land Locked Developing Countries (FAO),,2002,102200000
Land Locked Developing Countries (FAO),,2003,98100000
Land Locked Developing Countries (FAO),,2004,98500000
Land Locked Developing Countries (FAO),,2005,93000000
Land Locked Developing Countries (FAO),,2006,93900000
Land Locked Developing Countries (FAO),,2007,94400000
Land Locked Developing Countries (FAO),,2008,91400000
Land Locked Developing Countries (FAO),,2009,89300000
Land Locked Developing Countries (FAO),,2010,69200000
Land Locked Developing Countries (FAO),,2011,70700000
Land Locked Developing Countries (FAO),,2012,69900000
Land Locked Developing Countries (FAO),,2013,69900000
Land Locked Developing Countries (FAO),,2014,72400000
Land Locked Developing Countries (FAO),,2015,73700000
Land Locked Developing Countries (FAO),,2016,77700000
Land Locked Developing Countries (FAO),,2017,80000000
Land Locked Developing Countries (FAO),,2018,84600000
Land Locked Developing Countries (FAO),,2019,93200000
Land Locked Developing Countries (FAO),,2020,103000000
Land Locked Developing Countries (FAO),,2021,107300000
Land Locked Developing Countries (FAO),,2022,108300000
Laos,LAO,2001,1700000
Laos,LAO,2002,1700000
Laos,LAO,2003,1500000
Laos,LAO,2004,1400000
Laos,LAO,2005,1300000
Laos,LAO,2006,1200000
Laos,LAO,2007,1200000
Laos,LAO,2008,1100000
Laos,LAO,2009,1100000
Laos,LAO,2010,900000
Laos,LAO,2011,800000
Laos,LAO,2012,800000
Laos,LAO,2013,700000
Laos,LAO,2014,500000
Laos,LAO,2015,500000
Laos,LAO,2016,400000
Laos,LAO,2017,400000
Laos,LAO,2018,400000
Laos,LAO,2019,400000
Laos,LAO,2020,400000
Laos,LAO,2021,400000
Latin America and the Caribbean (FAO),,2000,56400000
Latin America and the Caribbean (FAO),,2001,55900000
Latin America and the Caribbean (FAO),,2002,58500000
Latin America and the Caribbean (FAO),,2003,54400000
Latin America and the Caribbean (FAO),,2004,54400000
Latin America and the Caribbean (FAO),,2005,51900000
Latin America and the Caribbean (FAO),,2006,49000000
Latin America and the Caribbean (FAO),,2007,47200000
Latin America and the Caribbean (FAO),,2008,44600000
Latin America and the Caribbean (FAO),,2009,44900000
Latin America and the Caribbean (FAO),,2010,36700000
Latin America and the Caribbean (FAO),,2011,35200000
Latin America and the Caribbean (FAO),,2012,34200000
Latin America and the Caribbean (FAO),,2013,33299999.999999996
Latin America and the Caribbean (FAO),,2014,31400000
Latin America and the Caribbean (FAO),,2015,32900000
Latin America and the Caribbean (FAO),,2016,38200000
Latin America and the Caribbean (FAO),,2017,36600000
Latin America and the Caribbean (FAO),,2018,37900000
Latin America and the Caribbean (FAO),,2019,36000000
Latin America and the Caribbean (FAO),,2020,42300000
Latin America and the Caribbean (FAO),,2021,45600000
Latin America and the Caribbean (FAO),,2022,43200000
Latvia,LVA,2001,100000
Latvia,LVA,2002,100000
Latvia,LVA,2003,100000
Least Developed Countries (FAO),,2000,211300000
Least Developed Countries (FAO),,2001,209300000
Least Developed Countries (FAO),,2002,208500000
Least Developed Countries (FAO),,2003,206000000
Least Developed Countries (FAO),,2004,204000000
Least Developed Countries (FAO),,2005,199100000
Least Developed Countries (FAO),,2006,199300000
Least Developed Countries (FAO),,2007,194800000
Least Developed Countries (FAO),,2008,194200000
Least Developed Countries (FAO),,2009,191000000
Least Developed Countries (FAO),,2010,165300000
Least Developed Countries (FAO),,2011,168600000
Least Developed Countries (FAO),,2012,167000000
Least Developed Countries (FAO),,2013,171600000
Least Developed Countries (FAO),,2014,177200000
Least Developed Countries (FAO),,2015,185200000
Least Developed Countries (FAO),,2016,202500000
Least Developed Countries (FAO),,2017,199800000
Least Developed Countries (FAO),,2018,202500000
Least Developed Countries (FAO),,2019,217100000
Least Developed Countries (FAO),,2020,230700000
Least Developed Countries (FAO),,2021,240500000
Least Developed Countries (FAO),,2022,248700000
Lesotho,LSO,2001,400000
Lesotho,LSO,2002,400000
Lesotho,LSO,2003,300000
Lesotho,LSO,2004,300000
Lesotho,LSO,2005,300000
Lesotho,LSO,2006,300000
Lesotho,LSO,2007,200000
Lesotho,LSO,2008,200000
Lesotho,LSO,2009,200000
Lesotho,LSO,2010,200000
Lesotho,LSO,2011,300000
Lesotho,LSO,2012,300000
Lesotho,LSO,2013,400000
Lesotho,LSO,2014,600000
Lesotho,LSO,2015,700000
Lesotho,LSO,2016,700000
Lesotho,LSO,2017,700000
Lesotho,LSO,2018,700000
Lesotho,LSO,2019,800000
Lesotho,LSO,2020,1000000
Lesotho,LSO,2021,1000000
Liberia,LBR,2001,1100000
Liberia,LBR,2002,1100000
Liberia,LBR,2003,1100000
Liberia,LBR,2004,1100000
Liberia,LBR,2005,1100000
Liberia,LBR,2006,1100000
Liberia,LBR,2007,1100000
Liberia,LBR,2008,1100000
Liberia,LBR,2009,1200000
Liberia,LBR,2010,1300000
Liberia,LBR,2011,1500000
Liberia,LBR,2012,1600000
Liberia,LBR,2013,1600000
Liberia,LBR,2014,1700000
Liberia,LBR,2015,1700000
Liberia,LBR,2016,1700000
Liberia,LBR,2017,1700000
Liberia,LBR,2018,1700000
Liberia,LBR,2019,1800000
Liberia,LBR,2020,1900000
Liberia,LBR,2021,2000000
Libya,LBY,2001,200000
Libya,LBY,2002,200000
Libya,LBY,2003,200000
Libya,LBY,2004,200000
Libya,LBY,2005,300000
Libya,LBY,2006,300000
Libya,LBY,2007,300000
Libya,LBY,2008,300000
Libya,LBY,2009,400000
Libya,LBY,2010,400000
Libya,LBY,2011,400000
Libya,LBY,2012,300000
Libya,LBY,2013,300000
Libya,LBY,2014,300000
Libya,LBY,2015,400000
Libya,LBY,2016,400000
Libya,LBY,2017,400000
Libya,LBY,2018,500000
Libya,LBY,2019,500000
Libya,LBY,2020,500000
Libya,LBY,2021,600000
Low Income Food Deficit Countries (FAO),,2000,211600000
Low Income Food Deficit Countries (FAO),,2001,211900000
Low Income Food Deficit Countries (FAO),,2002,213200000
Low Income Food Deficit Countries (FAO),,2003,213000000
Low Income Food Deficit Countries (FAO),,2004,210900000
Low Income Food Deficit Countries (FAO),,2005,203800000
Low Income Food Deficit Countries (FAO),,2006,204600000
Low Income Food Deficit Countries (FAO),,2007,204200000
Low Income Food Deficit Countries (FAO),,2008,207000000
Low Income Food Deficit Countries (FAO),,2009,204000000
Low Income Food Deficit Countries (FAO),,2010,182900000
Low Income Food Deficit Countries (FAO),,2011,186900000
Low Income Food Deficit Countries (FAO),,2012,184900000
Low Income Food Deficit Countries (FAO),,2013,190800000
Low Income Food Deficit Countries (FAO),,2014,199200000
Low Income Food Deficit Countries (FAO),,2015,208300000
Low Income Food Deficit Countries (FAO),,2016,228800000
Low Income Food Deficit Countries (FAO),,2017,228000000
Low Income Food Deficit Countries (FAO),,2018,232800000
Low Income Food Deficit Countries (FAO),,2019,244500000
Low Income Food Deficit Countries (FAO),,2020,261100000.00000003
Low Income Food Deficit Countries (FAO),,2021,271600000
Low Income Food Deficit Countries (FAO),,2022,283300000
Low income economies (FAO),,2000,131600000
Low income economies (FAO),,2001,134400000
Low income economies (FAO),,2002,133699999.99999999
Low income economies (FAO),,2003,132199999.99999999
Low income economies (FAO),,2004,134600000
Low income economies (FAO),,2005,131699999.99999999
Low income economies (FAO),,2006,134100000
Low income economies (FAO),,2007,136700000
Low income economies (FAO),,2008,135100000
Low income economies (FAO),,2009,135300000
Low income economies (FAO),,2010,116200000
Low income economies (FAO),,2011,122100000
Low income economies (FAO),,2012,120100000
Low income economies (FAO),,2013,125400000
Low income economies (FAO),,2014,132400000
Low income economies (FAO),,2015,143500000
Low income economies (FAO),,2016,157400000
Low income economies (FAO),,2017,157500000
Low income economies (FAO),,2018,164400000
Low income economies (FAO),,2019,174100000
Low income economies (FAO),,2020,188800000
Low income economies (FAO),,2021,197100000
Low income economies (FAO),,2022,202800000
Lower-middle-income economies (FAO),,2000,426800000
Lower-middle-income economies (FAO),,2001,457700000
Lower-middle-income economies (FAO),,2002,489800000
Lower-middle-income economies (FAO),,2003,492500000
Lower-middle-income economies (FAO),,2004,507100000
Lower-middle-income economies (FAO),,2005,500200000
Lower-middle-income economies (FAO),,2006,464300000
Lower-middle-income economies (FAO),,2007,424600000
Lower-middle-income economies (FAO),,2008,416700000
Lower-middle-income economies (FAO),,2009,422900000
Lower-middle-income economies (FAO),,2010,401800000
Lower-middle-income economies (FAO),,2011,384200000
Lower-middle-income economies (FAO),,2012,387400000
Lower-middle-income economies (FAO),,2013,375800000
Lower-middle-income economies (FAO),,2014,365900000
Lower-middle-income economies (FAO),,2015,380100000
Lower-middle-income economies (FAO),,2016,359600000
Lower-middle-income economies (FAO),,2017,348600000
Lower-middle-income economies (FAO),,2018,355700000
Lower-middle-income economies (FAO),,2019,375900000
Lower-middle-income economies (FAO),,2020,442100000
Lower-middle-income economies (FAO),,2021,470700000
Lower-middle-income economies (FAO),,2022,463900000
Macao,MAC,2001,100000
Macao,MAC,2002,100000
Macao,MAC,2003,100000
Macao,MAC,2004,100000
Macao,MAC,2005,100000
Macao,MAC,2006,100000
Macao,MAC,2007,100000
Macao,MAC,2008,100000
Macao,MAC,2009,100000
Macao,MAC,2010,100000
Macao,MAC,2011,100000
Macao,MAC,2012,100000
Macao,MAC,2013,100000
Macao,MAC,2014,100000
Macao,MAC,2015,100000
Macao,MAC,2016,100000
Macao,MAC,2017,100000
Macao,MAC,2018,100000
Macao,MAC,2019,100000
Macao,MAC,2020,100000
Macao,MAC,2021,100000
Madagascar,MDG,2001,5700000
Madagascar,MDG,2002,6100000
Madagascar,MDG,2003,6500000
Madagascar,MDG,2004,6500000
Madagascar,MDG,2005,6300000
Madagascar,MDG,2006,6100000
Madagascar,MDG,2007,6200000
Madagascar,MDG,2008,6300000
Madagascar,MDG,2009,6300000
Madagascar,MDG,2010,6100000
Madagascar,MDG,2011,6100000
Madagascar,MDG,2012,6700000
Madagascar,MDG,2013,7800000
Madagascar,MDG,2014,9100000
Madagascar,MDG,2015,10000000
Madagascar,MDG,2016,10700000
Madagascar,MDG,2017,11200000
Madagascar,MDG,2018,12000000
Madagascar,MDG,2019,13000000
Madagascar,MDG,2020,14000000
Madagascar,MDG,2021,14800000
Malawi,MWI,2001,2700000
Malawi,MWI,2002,2800000
Malawi,MWI,2003,2900000
Malawi,MWI,2004,2900000
Malawi,MWI,2005,2800000
Malawi,MWI,2006,2600000
Malawi,MWI,2007,2500000
Malawi,MWI,2008,2500000
Malawi,MWI,2009,2300000
Malawi,MWI,2010,2100000
Malawi,MWI,2011,1800000
Malawi,MWI,2012,1900000
Malawi,MWI,2013,2100000
Malawi,MWI,2014,2200000
Malawi,MWI,2015,2400000
Malawi,MWI,2016,2500000
Malawi,MWI,2017,2700000
Malawi,MWI,2018,2900000
Malawi,MWI,2019,3100000
Malawi,MWI,2020,3300000
Malawi,MWI,2021,3500000
Malaysia,MYS,2002,700000
Malaysia,MYS,2003,700000
Malaysia,MYS,2004,800000
Malaysia,MYS,2005,800000
Malaysia,MYS,2006,900000
Malaysia,MYS,2007,1000000
Malaysia,MYS,2008,1000000
Malaysia,MYS,2009,1200000
Malaysia,MYS,2010,1300000
Malaysia,MYS,2011,1500000
Malaysia,MYS,2012,1500000
Malaysia,MYS,2013,1700000
Malaysia,MYS,2014,1800000
Malaysia,MYS,2015,1900000
Malaysia,MYS,2016,1800000
Malaysia,MYS,2017,1700000
Malaysia,MYS,2018,1400000
Malaysia,MYS,2019,1200000
Malaysia,MYS,2020,1100000
Malaysia,MYS,2021,900000
Mali,MLI,2001,1900000
Mali,MLI,2002,1900000
Mali,MLI,2003,1900000
Mali,MLI,2004,1900000
Mali,MLI,2005,1800000
Mali,MLI,2006,1700000
Mali,MLI,2007,1500000
Mali,MLI,2008,1400000
Mali,MLI,2009,1200000
Mali,MLI,2010,1000000
Mali,MLI,2011,800000
Mali,MLI,2012,800000
Mali,MLI,2013,800000
Mali,MLI,2014,800000
Mali,MLI,2015,800000
Mali,MLI,2016,700000
Mali,MLI,2017,800000
Mali,MLI,2018,900000
Mali,MLI,2019,1400000
Mali,MLI,2020,2100000
Mali,MLI,2021,2800000
Malta,MLT,2019,100000
Malta,MLT,2020,100000
Malta,MLT,2021,100000
Mauritania,MRT,2001,200000
Mauritania,MRT,2002,200000
Mauritania,MRT,2003,200000
Mauritania,MRT,2004,200000
Mauritania,MRT,2005,300000
Mauritania,MRT,2006,300000
Mauritania,MRT,2007,200000
Mauritania,MRT,2008,200000
Mauritania,MRT,2009,200000
Mauritania,MRT,2010,200000
Mauritania,MRT,2011,200000
Mauritania,MRT,2012,200000
Mauritania,MRT,2013,200000
Mauritania,MRT,2014,300000
Mauritania,MRT,2015,300000
Mauritania,MRT,2016,300000
Mauritania,MRT,2017,300000
Mauritania,MRT,2018,300000
Mauritania,MRT,2019,300000
Mauritania,MRT,2020,300000
Mauritania,MRT,2021,400000
Mauritius,MUS,2001,100000
Mauritius,MUS,2002,100000
Mauritius,MUS,2003,100000
Mauritius,MUS,2004,100000
Mauritius,MUS,2005,100000
Mauritius,MUS,2006,100000
Mauritius,MUS,2007,100000
Mauritius,MUS,2008,100000
Mauritius,MUS,2009,100000
Mauritius,MUS,2010,100000
Mauritius,MUS,2011,100000
Mauritius,MUS,2012,100000
Mauritius,MUS,2013,100000
Mauritius,MUS,2014,100000
Mauritius,MUS,2015,100000
Mauritius,MUS,2016,100000
Mauritius,MUS,2017,100000
Mauritius,MUS,2018,100000
Mauritius,MUS,2019,100000
Mauritius,MUS,2020,100000
Mauritius,MUS,2021,100000
Melanesia,OWID_MNS,2000,1600000
Melanesia,OWID_MNS,2001,1600000
Melanesia,OWID_MNS,2002,1700000
Melanesia,OWID_MNS,2003,1900000
Melanesia,OWID_MNS,2004,1900000
Melanesia,OWID_MNS,2005,2000000
Melanesia,OWID_MNS,2006,1900000
Melanesia,OWID_MNS,2007,2100000
Melanesia,OWID_MNS,2008,2000000
Melanesia,OWID_MNS,2009,2200000
Melanesia,OWID_MNS,2010,2200000
Melanesia,OWID_MNS,2011,2100000
Melanesia,OWID_MNS,2012,2100000
Melanesia,OWID_MNS,2013,2100000
Melanesia,OWID_MNS,2014,2100000
Melanesia,OWID_MNS,2015,2300000
Melanesia,OWID_MNS,2016,2300000
Melanesia,OWID_MNS,2017,2300000
Melanesia,OWID_MNS,2018,2500000
Melanesia,OWID_MNS,2019,2500000
Melanesia,OWID_MNS,2020,2400000
Melanesia,OWID_MNS,2021,2600000
Melanesia,OWID_MNS,2022,2800000
Mexico,MEX,2001,3200000
Mexico,MEX,2002,3700000
Mexico,MEX,2003,4300000
Mexico,MEX,2004,4700000
Mexico,MEX,2005,4600000
Mexico,MEX,2006,4300000
Mexico,MEX,2007,4400000
Mexico,MEX,2008,4800000
Mexico,MEX,2009,5000000
Mexico,MEX,2010,4900000
Mexico,MEX,2011,4700000
Mexico,MEX,2012,4700000
Mexico,MEX,2013,4700000
Mexico,MEX,2014,4800000
Mexico,MEX,2015,4700000
Mexico,MEX,2016,4700000
Mexico,MEX,2017,4700000
Mexico,MEX,2018,4200000
Mexico,MEX,2019,3500000
Middle Africa (FAO),,2000,34600000
Middle Africa (FAO),,2001,35200000
Middle Africa (FAO),,2002,35300000
Middle Africa (FAO),,2003,35300000
Middle Africa (FAO),,2004,35700000
Middle Africa (FAO),,2005,36300000
Middle Africa (FAO),,2006,36600000
Middle Africa (FAO),,2007,37000000
Middle Africa (FAO),,2008,37100000
Middle Africa (FAO),,2009,37500000
Middle Africa (FAO),,2010,30100000
Middle Africa (FAO),,2011,30000000
Middle Africa (FAO),,2012,32100000
Middle Africa (FAO),,2013,33700000
Middle Africa (FAO),,2014,33400000
Middle Africa (FAO),,2015,36700000
Middle Africa (FAO),,2016,40100000
Middle Africa (FAO),,2017,39800000
Middle Africa (FAO),,2018,42300000
Middle Africa (FAO),,2019,44400000
Middle Africa (FAO),,2020,51000000
Middle Africa (FAO),,2021,54200000
Middle Africa (FAO),,2022,57000000
Moldova,MDA,2001,1000000
Moldova,MDA,2002,1100000
Moldova,MDA,2003,1200000
Moldova,MDA,2004,1300000
Moldova,MDA,2005,1300000
Moldova,MDA,2006,1300000
Moldova,MDA,2007,1200000
Moldova,MDA,2008,1100000
Moldova,MDA,2009,700000
Moldova,MDA,2010,400000
Moldova,MDA,2011,100000
Mongolia,MNG,2001,800000
Mongolia,MNG,2002,700000
Mongolia,MNG,2003,800000
Mongolia,MNG,2004,800000
Mongolia,MNG,2005,700000
Mongolia,MNG,2006,700000
Mongolia,MNG,2007,600000
Mongolia,MNG,2008,600000
Mongolia,MNG,2009,500000
Mongolia,MNG,2010,400000
Mongolia,MNG,2011,400000
Mongolia,MNG,2012,300000
Mongolia,MNG,2013,300000
Mongolia,MNG,2014,300000
Mongolia,MNG,2015,200000
Mongolia,MNG,2016,200000
Mongolia,MNG,2017,200000
Mongolia,MNG,2018,200000
Mongolia,MNG,2019,200000
Mongolia,MNG,2020,200000
Mongolia,MNG,2021,300000
Montenegro,MNE,2001,100000
Montenegro,MNE,2002,100000
Montenegro,MNE,2003,100000
Montenegro,MNE,2004,100000
Montenegro,MNE,2005,100000
Montenegro,MNE,2006,100000
Morocco,MAR,2001,1800000
Morocco,MAR,2002,1700000
Morocco,MAR,2003,1700000
Morocco,MAR,2004,1700000
Morocco,MAR,2005,1700000
Morocco,MAR,2006,1800000
Morocco,MAR,2007,1800000
Morocco,MAR,2008,1800000
Morocco,MAR,2009,1800000
Morocco,MAR,2010,1700000
Morocco,MAR,2011,1500000
Morocco,MAR,2012,1500000
Morocco,MAR,2013,1400000
Morocco,MAR,2014,1400000
Morocco,MAR,2015,1300000
Morocco,MAR,2016,1300000
Morocco,MAR,2017,1300000
Morocco,MAR,2018,1300000
Morocco,MAR,2019,1500000
Morocco,MAR,2020,2000000
Morocco,MAR,2021,2300000
Mozambique,MOZ,2001,6700000
Mozambique,MOZ,2002,6600000
Mozambique,MOZ,2003,6600000
Mozambique,MOZ,2004,6800000
Mozambique,MOZ,2005,6800000
Mozambique,MOZ,2006,6800000
Mozambique,MOZ,2007,6500000
Mozambique,MOZ,2008,6400000
Mozambique,MOZ,2009,5400000
Mozambique,MOZ,2010,4600000
Mozambique,MOZ,2011,3800000
Mozambique,MOZ,2012,4200000
Mozambique,MOZ,2013,5900000
Mozambique,MOZ,2014,8100000
Mozambique,MOZ,2015,10600000
Mozambique,MOZ,2016,11300000
Mozambique,MOZ,2017,10100000
Mozambique,MOZ,2018,8700000
Mozambique,MOZ,2019,8199999.999999999
Mozambique,MOZ,2020,9200000
Mozambique,MOZ,2021,9800000
Myanmar,MMR,2001,17800000
Myanmar,MMR,2002,16700000
Myanmar,MMR,2003,15700000
Myanmar,MMR,2004,14800000
Myanmar,MMR,2005,13800000
Myanmar,MMR,2006,12300000
Myanmar,MMR,2007,10500000
Myanmar,MMR,2008,8800000
Myanmar,MMR,2009,6600000
Myanmar,MMR,2010,5000000
Myanmar,MMR,2011,3700000
Myanmar,MMR,2012,3400000
Myanmar,MMR,2013,3000000
Myanmar,MMR,2014,2500000
Myanmar,MMR,2015,2100000
Myanmar,MMR,2016,1800000
Myanmar,MMR,2017,1600000
Myanmar,MMR,2018,1600000
Myanmar,MMR,2019,1500000
Myanmar,MMR,2020,1800000
Myanmar,MMR,2021,2100000
Namibia,NAM,2001,300000
Namibia,NAM,2002,300000
Namibia,NAM,2003,300000
Namibia,NAM,2004,400000
Namibia,NAM,2005,400000
Namibia,NAM,2006,400000
Namibia,NAM,2007,500000
Namibia,NAM,2008,600000
Namibia,NAM,2009,700000
Namibia,NAM,2010,600000
Namibia,NAM,2011,600000
Namibia,NAM,2012,500000
Namibia,NAM,2013,500000
Namibia,NAM,2014,500000
Namibia,NAM,2015,500000
Namibia,NAM,2016,400000
Namibia,NAM,2017,400000
Namibia,NAM,2018,400000
Namibia,NAM,2019,400000
Namibia,NAM,2020,400000
Namibia,NAM,2021,400000
Nepal,NPL,2001,6000000
Nepal,NPL,2002,5700000
Nepal,NPL,2003,5200000
Nepal,NPL,2004,4700000
Nepal,NPL,2005,4500000
Nepal,NPL,2006,4300000
Nepal,NPL,2007,4000000
Nepal,NPL,2008,3500000
Nepal,NPL,2009,3100000
Nepal,NPL,2010,2800000
Nepal,NPL,2011,2500000
Nepal,NPL,2012,2300000
Nepal,NPL,2013,2100000
Nepal,NPL,2014,2000000
Nepal,NPL,2015,1700000
Nepal,NPL,2016,1500000
Nepal,NPL,2017,1400000
Nepal,NPL,2018,1300000
Nepal,NPL,2019,1400000
Nepal,NPL,2020,1500000
Nepal,NPL,2021,1600000
New Caledonia,NCL,2001,100000
New Caledonia,NCL,2002,100000
New Caledonia,NCL,2003,100000
New Caledonia,NCL,2004,100000
New Caledonia,NCL,2005,100000
New Caledonia,NCL,2006,100000
New Caledonia,NCL,2007,100000
New Caledonia,NCL,2008,100000
New Caledonia,NCL,2009,100000
New Caledonia,NCL,2010,100000
New Caledonia,NCL,2011,100000
New Caledonia,NCL,2012,100000
New Caledonia,NCL,2013,100000
New Caledonia,NCL,2014,100000
New Caledonia,NCL,2015,100000
New Caledonia,NCL,2016,100000
New Caledonia,NCL,2017,100000
New Caledonia,NCL,2018,100000
New Caledonia,NCL,2019,100000
New Caledonia,NCL,2020,100000
New Caledonia,NCL,2021,100000
Nicaragua,NIC,2001,1400000
Nicaragua,NIC,2002,1300000
Nicaragua,NIC,2003,1300000
Nicaragua,NIC,2004,1300000
Nicaragua,NIC,2005,1300000
Nicaragua,NIC,2006,1200000
Nicaragua,NIC,2007,1200000
Nicaragua,NIC,2008,1200000
Nicaragua,NIC,2009,1200000
Nicaragua,NIC,2010,1200000
Nicaragua,NIC,2011,1100000
Nicaragua,NIC,2012,1100000
Nicaragua,NIC,2013,1200000
Nicaragua,NIC,2014,1200000
Nicaragua,NIC,2015,1200000
Nicaragua,NIC,2016,1200000
Nicaragua,NIC,2017,1100000
Nicaragua,NIC,2018,1100000
Nicaragua,NIC,2019,1200000
Nicaragua,NIC,2020,1200000
Nicaragua,NIC,2021,1200000
Niger,NER,2001,2800000
Niger,NER,2002,2800000
Niger,NER,2003,2700000
Niger,NER,2004,2600000
Niger,NER,2005,2600000
Niger,NER,2006,2800000
Niger,NER,2007,2800000
Niger,NER,2008,2700000
Niger,NER,2009,2500000
Niger,NER,2010,2600000
Niger,NER,2011,2500000
Niger,NER,2012,2600000
Niger,NER,2013,2600000
Niger,NER,2014,2600000
Niger,NER,2015,2500000
Niger,NER,2016,2500000
Niger,NER,2017,2400000
Niger,NER,2018,2500000
Niger,NER,2019,2800000
Niger,NER,2020,3500000
Niger,NER,2021,4099999.9999999995
Nigeria,NGA,2001,11100000
Nigeria,NGA,2002,11400000
Nigeria,NGA,2003,11300000
Nigeria,NGA,2004,10600000
Nigeria,NGA,2005,9800000
Nigeria,NGA,2006,9500000
Nigeria,NGA,2007,9600000
Nigeria,NGA,2008,10200000
Nigeria,NGA,2009,11700000
Nigeria,NGA,2010,13500000
Nigeria,NGA,2011,15300000
Nigeria,NGA,2012,16500000
Nigeria,NGA,2013,16800000
Nigeria,NGA,2014,17100000
Nigeria,NGA,2015,17100000
Nigeria,NGA,2016,18000000
Nigeria,NGA,2017,19600000
Nigeria,NGA,2018,21000000
Nigeria,NGA,2019,25200000
Nigeria,NGA,2020,29600000
Nigeria,NGA,2021,34000000
North Korea,PRK,2001,8400000
North Korea,PRK,2002,8300000.000000001
North Korea,PRK,2003,7800000
North Korea,PRK,2004,7900000
North Korea,PRK,2005,8300000.000000001
North Korea,PRK,2006,8900000
North Korea,PRK,2007,9500000
North Korea,PRK,2008,9800000
North Korea,PRK,2009,9900000
North Korea,PRK,2010,9800000
North Korea,PRK,2011,9600000
North Korea,PRK,2012,9700000
North Korea,PRK,2013,9800000
North Korea,PRK,2014,10000000
North Korea,PRK,2015,10200000
North Korea,PRK,2016,10500000
North Korea,PRK,2017,11000000
North Korea,PRK,2018,10900000
North Korea,PRK,2019,11200000
North Korea,PRK,2020,11400000
North Korea,PRK,2021,11800000
North Macedonia,MKD,2001,200000
North Macedonia,MKD,2002,200000
North Macedonia,MKD,2003,100000
North Macedonia,MKD,2004,100000
North Macedonia,MKD,2005,100000
North Macedonia,MKD,2006,100000
North Macedonia,MKD,2007,100000
North Macedonia,MKD,2008,100000
North Macedonia,MKD,2009,100000
North Macedonia,MKD,2010,100000
North Macedonia,MKD,2011,100000
North Macedonia,MKD,2012,100000
North Macedonia,MKD,2013,100000
North Macedonia,MKD,2014,100000
North Macedonia,MKD,2015,100000
North Macedonia,MKD,2016,100000
North Macedonia,MKD,2017,100000
North Macedonia,MKD,2018,100000
North Macedonia,MKD,2019,100000
North Macedonia,MKD,2020,100000
North Macedonia,MKD,2021,100000
Northern Africa (FAO),,2000,10800000
Northern Africa (FAO),,2001,10200000
Northern Africa (FAO),,2002,10200000
Northern Africa (FAO),,2003,10700000
Northern Africa (FAO),,2004,11600000
Northern Africa (FAO),,2005,11700000
Northern Africa (FAO),,2006,11100000
Northern Africa (FAO),,2007,11000000
Northern Africa (FAO),,2008,10600000
Northern Africa (FAO),,2009,11200000
Northern Africa (FAO),,2010,9800000
Northern Africa (FAO),,2011,9600000
Northern Africa (FAO),,2012,11700000
Northern Africa (FAO),,2013,11500000
Northern Africa (FAO),,2014,11800000
Northern Africa (FAO),,2015,12300000
Northern Africa (FAO),,2016,13400000
Northern Africa (FAO),,2017,14400000
Northern Africa (FAO),,2018,14600000
Northern Africa (FAO),,2019,14400000
Northern Africa (FAO),,2020,15100000
Northern Africa (FAO),,2021,17600000
Northern Africa (FAO),,2022,19500000
Oceania (FAO),,2000,2100000
Oceania (FAO),,2001,2000000
Oceania (FAO),,2002,2000000
Oceania (FAO),,2003,2300000
Oceania (FAO),,2004,2300000
Oceania (FAO),,2005,2300000
Oceania (FAO),,2006,2200000
Oceania (FAO),,2007,2400000
Oceania (FAO),,2008,2300000
Oceania (FAO),,2009,2500000
Oceania (FAO),,2010,2400000
Oceania (FAO),,2011,2300000
Oceania (FAO),,2012,2300000
Oceania (FAO),,2013,2300000
Oceania (FAO),,2014,2200000
Oceania (FAO),,2015,2500000
Oceania (FAO),,2016,2500000
Oceania (FAO),,2017,2500000
Oceania (FAO),,2018,2700000
Oceania (FAO),,2019,2800000
Oceania (FAO),,2020,2700000
Oceania (FAO),,2021,2900000
Oceania (FAO),,2022,3200000
Oman,OMN,2001,300000
Oman,OMN,2002,300000
Oman,OMN,2003,300000
Oman,OMN,2004,200000
Oman,OMN,2005,200000
Oman,OMN,2006,200000
Oman,OMN,2007,200000
Oman,OMN,2008,200000
Oman,OMN,2009,200000
Oman,OMN,2010,200000
Oman,OMN,2011,200000
Oman,OMN,2012,200000
Oman,OMN,2013,200000
Oman,OMN,2014,200000
Oman,OMN,2015,300000
Oman,OMN,2016,300000
Oman,OMN,2017,300000
Oman,OMN,2018,200000
Oman,OMN,2019,100000
Oman,OMN,2020,100000
Oman,OMN,2021,100000
Pakistan,PAK,2001,33100000
Pakistan,PAK,2002,35000000
Pakistan,PAK,2003,34300000
Pakistan,PAK,2004,31700000
Pakistan,PAK,2005,29800000
Pakistan,PAK,2006,28200000
Pakistan,PAK,2007,27800000
Pakistan,PAK,2008,28300000
Pakistan,PAK,2009,29100000
Pakistan,PAK,2010,29400000
Pakistan,PAK,2011,29600000
Pakistan,PAK,2012,30000000
Pakistan,PAK,2013,28800000
Pakistan,PAK,2014,27700000
Pakistan,PAK,2015,25600000
Pakistan,PAK,2016,24600000
Pakistan,PAK,2017,23400000
Pakistan,PAK,2018,24200000
Pakistan,PAK,2019,29200000
Pakistan,PAK,2020,36300000
Pakistan,PAK,2021,42800000
Panama,PAN,2001,800000
Panama,PAN,2002,600000
Panama,PAN,2003,700000
Panama,PAN,2004,700000
Panama,PAN,2005,700000
Panama,PAN,2006,600000
Panama,PAN,2007,600000
Panama,PAN,2008,500000
Panama,PAN,2009,400000
Panama,PAN,2010,400000
Panama,PAN,2011,300000
Panama,PAN,2012,300000
Panama,PAN,2013,300000
Panama,PAN,2014,300000
Panama,PAN,2015,300000
Panama,PAN,2016,300000
Panama,PAN,2017,200000
Panama,PAN,2018,200000
Panama,PAN,2019,200000
Panama,PAN,2020,200000
Panama,PAN,2021,200000
Papua New Guinea,PNG,2001,1500000
Papua New Guinea,PNG,2002,1600000
Papua New Guinea,PNG,2003,1700000
Papua New Guinea,PNG,2004,1800000
Papua New Guinea,PNG,2005,1800000
Papua New Guinea,PNG,2006,1900000
Papua New Guinea,PNG,2007,1900000
Papua New Guinea,PNG,2008,2000000
Papua New Guinea,PNG,2009,2000000
Papua New Guinea,PNG,2010,2000000
Papua New Guinea,PNG,2011,1900000
Papua New Guinea,PNG,2012,1900000
Papua New Guinea,PNG,2013,1800000
Papua New Guinea,PNG,2014,1900000
Papua New Guinea,PNG,2015,2000000
Papua New Guinea,PNG,2016,2000000
Papua New Guinea,PNG,2017,2100000
Papua New Guinea,PNG,2018,2200000
Papua New Guinea,PNG,2019,2200000
Papua New Guinea,PNG,2020,2200000
Papua New Guinea,PNG,2021,2300000
Paraguay,PRY,2001,500000
Paraguay,PRY,2002,500000
Paraguay,PRY,2003,500000
Paraguay,PRY,2004,500000
Paraguay,PRY,2005,500000
Paraguay,PRY,2006,500000
Paraguay,PRY,2007,500000
Paraguay,PRY,2008,500000
Paraguay,PRY,2009,400000
Paraguay,PRY,2010,300000
Paraguay,PRY,2013,200000
Paraguay,PRY,2015,200000
Paraguay,PRY,2016,200000
Paraguay,PRY,2017,200000
Paraguay,PRY,2018,200000
Paraguay,PRY,2019,200000
Paraguay,PRY,2020,200000
Paraguay,PRY,2021,300000
Peru,PER,2001,5800000
Peru,PER,2002,6200000
Peru,PER,2003,6400000
Peru,PER,2004,6000000
Peru,PER,2005,5300000
Peru,PER,2006,4400000
Peru,PER,2007,3900000
Peru,PER,2008,3300000
Peru,PER,2009,2800000
Peru,PER,2010,2500000
Peru,PER,2011,2200000
Peru,PER,2012,1900000
Peru,PER,2013,1600000
Peru,PER,2014,1600000
Peru,PER,2015,1700000
Peru,PER,2016,1900000
Peru,PER,2017,2000000
Peru,PER,2018,1900000
Peru,PER,2019,2000000
Peru,PER,2020,2200000
Peru,PER,2021,2400000
Philippines,PHL,2001,15000000
Philippines,PHL,2002,15100000
Philippines,PHL,2003,14400000
Philippines,PHL,2004,13700000
Philippines,PHL,2005,12600000
Philippines,PHL,2006,11800000
Philippines,PHL,2007,10900000
Philippines,PHL,2008,10300000
Philippines,PHL,2009,11000000
Philippines,PHL,2010,11700000
Philippines,PHL,2011,12100000
Philippines,PHL,2012,11600000
Philippines,PHL,2013,11100000
Philippines,PHL,2014,10600000
Philippines,PHL,2015,9400000
Philippines,PHL,2016,8199999.999999999
Philippines,PHL,2017,6900000
Philippines,PHL,2018,5800000
Philippines,PHL,2019,5500000
Philippines,PHL,2020,5700000
Philippines,PHL,2021,5900000
Polynesia,OWID_PYA,2000,100000
Polynesia,OWID_PYA,2001,100000
Polynesia,OWID_PYA,2002,100000
Polynesia,OWID_PYA,2003,100000
Polynesia,OWID_PYA,2004,100000
Polynesia,OWID_PYA,2005,100000
Polynesia,OWID_PYA,2006,100000
Polynesia,OWID_PYA,2007,100000
Polynesia,OWID_PYA,2008,100000
Polynesia,OWID_PYA,2009,100000
Polynesia,OWID_PYA,2010,100000
Polynesia,OWID_PYA,2011,100000
Polynesia,OWID_PYA,2012,100000
Polynesia,OWID_PYA,2013,100000
Polynesia,OWID_PYA,2014,100000
Polynesia,OWID_PYA,2015,100000
Polynesia,OWID_PYA,2016,100000
Polynesia,OWID_PYA,2017,100000
Polynesia,OWID_PYA,2018,100000
Polynesia,OWID_PYA,2019,100000
Polynesia,OWID_PYA,2020,100000
Polynesia,OWID_PYA,2021,100000
Polynesia,OWID_PYA,2022,100000
Russia,RUS,2001,5900000
Russia,RUS,2002,4800000
Russia,RUS,2003,4099999.9999999995
Rwanda,RWA,2001,3100000
Rwanda,RWA,2002,2900000
Rwanda,RWA,2003,2900000
Rwanda,RWA,2004,3100000
Rwanda,RWA,2005,3100000
Rwanda,RWA,2006,3000000
Rwanda,RWA,2007,3000000
Rwanda,RWA,2008,2800000
Rwanda,RWA,2009,2900000
Rwanda,RWA,2010,3100000
Rwanda,RWA,2011,3500000
Rwanda,RWA,2012,3600000
Rwanda,RWA,2013,3700000
Rwanda,RWA,2014,3800000
Rwanda,RWA,2015,3800000
Rwanda,RWA,2016,3800000
Rwanda,RWA,2017,3800000
Rwanda,RWA,2018,4000000
Rwanda,RWA,2019,4200000
Rwanda,RWA,2020,4300000
Rwanda,RWA,2021,4300000
Saint Vincent and the Grenadines,VCT,2001,100000
Saint Vincent and the Grenadines,VCT,2002,100000
Saint Vincent and the Grenadines,VCT,2003,100000
Saint Vincent and the Grenadines,VCT,2004,100000
Saint Vincent and the Grenadines,VCT,2005,100000
Saint Vincent and the Grenadines,VCT,2006,100000
Saint Vincent and the Grenadines,VCT,2007,100000
Saint Vincent and the Grenadines,VCT,2008,100000
Saint Vincent and the Grenadines,VCT,2009,100000
Saint Vincent and the Grenadines,VCT,2010,100000
Saint Vincent and the Grenadines,VCT,2011,100000
Saint Vincent and the Grenadines,VCT,2012,100000
Saint Vincent and the Grenadines,VCT,2013,100000
Saint Vincent and the Grenadines,VCT,2014,100000
Saint Vincent and the Grenadines,VCT,2015,100000
Saint Vincent and the Grenadines,VCT,2016,100000
Saint Vincent and the Grenadines,VCT,2017,100000
Saint Vincent and the Grenadines,VCT,2018,100000
Saint Vincent and the Grenadines,VCT,2019,100000
Saint Vincent and the Grenadines,VCT,2020,100000
Saint Vincent and the Grenadines,VCT,2021,100000
Samoa,WSM,2001,100000
Samoa,WSM,2002,100000
Samoa,WSM,2003,100000
Samoa,WSM,2004,100000
Samoa,WSM,2005,100000
Samoa,WSM,2006,100000
Samoa,WSM,2007,100000
Samoa,WSM,2008,100000
Samoa,WSM,2009,100000
Samoa,WSM,2010,100000
Samoa,WSM,2011,100000
Samoa,WSM,2012,100000
Samoa,WSM,2013,100000
Samoa,WSM,2014,100000
Samoa,WSM,2015,100000
Samoa,WSM,2016,100000
Samoa,WSM,2017,100000
Samoa,WSM,2018,100000
Samoa,WSM,2019,100000
Samoa,WSM,2020,100000
Samoa,WSM,2021,100000
Sao Tome and Principe,STP,2001,100000
Sao Tome and Principe,STP,2002,100000
Sao Tome and Principe,STP,2003,100000
Sao Tome and Principe,STP,2004,100000
Sao Tome and Principe,STP,2005,100000
Sao Tome and Principe,STP,2006,100000
Sao Tome and Principe,STP,2007,100000
Sao Tome and Principe,STP,2008,100000
Sao Tome and Principe,STP,2009,100000
Sao Tome and Principe,STP,2010,100000
Sao Tome and Principe,STP,2011,100000
Sao Tome and Principe,STP,2012,100000
Sao Tome and Principe,STP,2013,100000
Sao Tome and Principe,STP,2014,100000
Sao Tome and Principe,STP,2015,100000
Sao Tome and Principe,STP,2016,100000
Sao Tome and Principe,STP,2017,100000
Sao Tome and Principe,STP,2018,100000
Sao Tome and Principe,STP,2019,100000
Sao Tome and Principe,STP,2020,100000
Sao Tome and Principe,STP,2021,100000
Saudi Arabia,SAU,2001,1200000
Saudi Arabia,SAU,2002,1200000
Saudi Arabia,SAU,2003,1200000
Saudi Arabia,SAU,2004,1200000
Saudi Arabia,SAU,2005,1200000
Saudi Arabia,SAU,2006,1200000
Saudi Arabia,SAU,2007,1300000
Saudi Arabia,SAU,2008,1600000
Saudi Arabia,SAU,2009,2000000
Saudi Arabia,SAU,2010,2400000
Saudi Arabia,SAU,2011,2500000
Saudi Arabia,SAU,2012,2400000
Saudi Arabia,SAU,2013,2000000
Saudi Arabia,SAU,2014,1800000
Saudi Arabia,SAU,2015,1500000
Saudi Arabia,SAU,2016,1500000
Saudi Arabia,SAU,2017,1500000
Saudi Arabia,SAU,2018,1600000
Saudi Arabia,SAU,2019,1600000
Saudi Arabia,SAU,2020,1500000
Saudi Arabia,SAU,2021,1400000
Senegal,SEN,2001,2400000
Senegal,SEN,2002,2400000
Senegal,SEN,2003,2300000
Senegal,SEN,2004,2100000
Senegal,SEN,2005,2000000
Senegal,SEN,2006,1900000
Senegal,SEN,2007,1600000
Senegal,SEN,2008,1400000
Senegal,SEN,2009,1300000
Senegal,SEN,2010,1400000
Senegal,SEN,2011,1400000
Senegal,SEN,2012,1400000
Senegal,SEN,2013,1500000
Senegal,SEN,2014,1500000
Senegal,SEN,2015,1400000
Senegal,SEN,2016,1200000
Senegal,SEN,2017,1100000
Senegal,SEN,2018,1000000
Senegal,SEN,2019,1000000
Senegal,SEN,2020,1000000
Senegal,SEN,2021,1000000
Serbia,SRB,2001,300000
Serbia,SRB,2002,300000
Serbia,SRB,2003,200000
Serbia,SRB,2004,200000
Seychelles,SYC,2001,100000
Seychelles,SYC,2002,100000
Seychelles,SYC,2003,100000
Seychelles,SYC,2004,100000
Seychelles,SYC,2005,100000
Seychelles,SYC,2006,100000
Seychelles,SYC,2007,100000
Seychelles,SYC,2008,100000
Seychelles,SYC,2009,100000
Seychelles,SYC,2010,100000
Seychelles,SYC,2011,100000
Seychelles,SYC,2012,100000
Seychelles,SYC,2013,100000
Seychelles,SYC,2014,100000
Seychelles,SYC,2015,100000
Seychelles,SYC,2016,100000
Seychelles,SYC,2017,100000
Seychelles,SYC,2018,100000
Seychelles,SYC,2019,100000
Seychelles,SYC,2020,100000
Seychelles,SYC,2021,100000
Sierra Leone,SLE,2001,2400000
Sierra Leone,SLE,2002,2500000
Sierra Leone,SLE,2003,2600000
Sierra Leone,SLE,2004,2700000
Sierra Leone,SLE,2005,2600000
Sierra Leone,SLE,2006,2500000
Sierra Leone,SLE,2007,2500000
Sierra Leone,SLE,2008,2400000
Sierra Leone,SLE,2009,2100000
Sierra Leone,SLE,2010,1700000
Sierra Leone,SLE,2011,1400000
Sierra Leone,SLE,2012,1500000
Sierra Leone,SLE,2013,1600000
Sierra Leone,SLE,2014,1600000
Sierra Leone,SLE,2015,1700000
Sierra Leone,SLE,2016,1800000
Sierra Leone,SLE,2017,2000000
Sierra Leone,SLE,2018,2100000
Sierra Leone,SLE,2019,2200000
Sierra Leone,SLE,2020,2200000
Sierra Leone,SLE,2021,2300000
Slovakia,SVK,2001,300000
Slovakia,SVK,2002,300000
Slovakia,SVK,2003,300000
Slovakia,SVK,2004,300000
Slovakia,SVK,2005,300000
Slovakia,SVK,2006,300000
Slovakia,SVK,2007,300000
Slovakia,SVK,2008,300000
Slovakia,SVK,2009,300000
Slovakia,SVK,2010,300000
Slovakia,SVK,2011,300000
Slovakia,SVK,2012,300000
Slovakia,SVK,2013,300000
Slovakia,SVK,2014,300000
Slovakia,SVK,2015,300000
Slovakia,SVK,2016,300000
Slovakia,SVK,2017,200000
Slovakia,SVK,2018,200000
Slovakia,SVK,2019,100000
Slovakia,SVK,2021,200000
Small Island Developing States (FAO),,2000,9900000
Small Island Developing States (FAO),,2001,10000000
Small Island Developing States (FAO),,2002,9900000
Small Island Developing States (FAO),,2003,11200000
Small Island Developing States (FAO),,2004,10700000
Small Island Developing States (FAO),,2005,10500000
Small Island Developing States (FAO),,2006,10100000
Small Island Developing States (FAO),,2007,10100000
Small Island Developing States (FAO),,2008,10300000
Small Island Developing States (FAO),,2009,10200000
Small Island Developing States (FAO),,2010,9600000
Small Island Developing States (FAO),,2011,9500000
Small Island Developing States (FAO),,2012,9500000
Small Island Developing States (FAO),,2013,9400000
Small Island Developing States (FAO),,2014,9100000
Small Island Developing States (FAO),,2015,9400000
Small Island Developing States (FAO),,2016,9600000
Small Island Developing States (FAO),,2017,9400000
Small Island Developing States (FAO),,2018,10000000
Small Island Developing States (FAO),,2019,10200000
Small Island Developing States (FAO),,2020,10600000
Small Island Developing States (FAO),,2021,10600000
Small Island Developing States (FAO),,2022,11500000
Solomon Islands,SLB,2001,100000
Solomon Islands,SLB,2002,100000
Solomon Islands,SLB,2003,100000
Solomon Islands,SLB,2004,100000
Solomon Islands,SLB,2005,100000
Solomon Islands,SLB,2006,100000
Solomon Islands,SLB,2007,100000
Solomon Islands,SLB,2008,100000
Solomon Islands,SLB,2009,100000
Solomon Islands,SLB,2010,100000
Solomon Islands,SLB,2011,100000
Solomon Islands,SLB,2012,100000
Solomon Islands,SLB,2013,100000
Solomon Islands,SLB,2014,100000
Solomon Islands,SLB,2015,100000
Solomon Islands,SLB,2016,100000
Solomon Islands,SLB,2017,100000
Solomon Islands,SLB,2018,100000
Solomon Islands,SLB,2019,100000
Solomon Islands,SLB,2020,100000
Solomon Islands,SLB,2021,100000
Somalia,SOM,2001,6400000
Somalia,SOM,2002,6600000
Somalia,SOM,2003,6900000
Somalia,SOM,2004,7100000
Somalia,SOM,2005,7400000
Somalia,SOM,2006,7600000
Somalia,SOM,2007,7800000
Somalia,SOM,2008,8100000
Somalia,SOM,2009,8300000.000000001
Somalia,SOM,2010,8400000
Somalia,SOM,2011,8300000.000000001
Somalia,SOM,2012,8000000
Somalia,SOM,2013,7800000
Somalia,SOM,2014,7800000
Somalia,SOM,2015,8000000
Somalia,SOM,2016,8300000.000000001
Somalia,SOM,2017,8400000
Somalia,SOM,2018,8300000.000000001
Somalia,SOM,2019,8300000.000000001
Somalia,SOM,2020,8300000.000000001
Somalia,SOM,2021,8300000.000000001
South Africa,ZAF,2001,1800000
South Africa,ZAF,2002,1700000
South Africa,ZAF,2003,1700000
South Africa,ZAF,2004,1700000
South Africa,ZAF,2005,1700000
South Africa,ZAF,2006,1700000
South Africa,ZAF,2007,1800000
South Africa,ZAF,2008,1800000
South Africa,ZAF,2009,2100000
South Africa,ZAF,2010,2400000
South Africa,ZAF,2011,2700000
South Africa,ZAF,2012,2800000
South Africa,ZAF,2013,3000000
South Africa,ZAF,2014,3400000
South Africa,ZAF,2015,3600000
South Africa,ZAF,2016,3500000
South Africa,ZAF,2017,3200000
South Africa,ZAF,2018,3200000
South Africa,ZAF,2019,3600000
South Africa,ZAF,2020,4000000
South Africa,ZAF,2021,4700000
South America (FAO),,2000,38800000
South America (FAO),,2001,38800000
South America (FAO),,2002,41600000
South America (FAO),,2003,35500000
South America (FAO),,2004,34500000
South America (FAO),,2005,32799999.999999996
South America (FAO),,2006,31100000
South America (FAO),,2007,29600000
South America (FAO),,2008,25500000
South America (FAO),,2009,26200000
South America (FAO),,2010,20000000
South America (FAO),,2011,18700000
South America (FAO),,2012,17900000
South America (FAO),,2013,16500000
South America (FAO),,2014,14700000
South America (FAO),,2015,16100000.000000002
South America (FAO),,2016,21900000
South America (FAO),,2017,20500000
South America (FAO),,2018,21300000
South America (FAO),,2019,20800000
South America (FAO),,2020,27100000
South America (FAO),,2021,30300000
South America (FAO),,2022,26800000
South Korea,KOR,2003,1200000
South Korea,KOR,2004,1200000
South Sudan,SSD,2020,2200000
South Sudan,SSD,2021,2300000
South-eastern Asia (FAO),,2000,107900000
South-eastern Asia (FAO),,2001,109000000
South-eastern Asia (FAO),,2002,103300000
South-eastern Asia (FAO),,2003,100600000
South-eastern Asia (FAO),,2004,97600000
South-eastern Asia (FAO),,2005,97600000
South-eastern Asia (FAO),,2006,93800000
South-eastern Asia (FAO),,2007,87400000
South-eastern Asia (FAO),,2008,83600000
South-eastern Asia (FAO),,2009,78400000
South-eastern Asia (FAO),,2010,66700000
South-eastern Asia (FAO),,2011,60500000
South-eastern Asia (FAO),,2012,54700000
South-eastern Asia (FAO),,2013,52900000
South-eastern Asia (FAO),,2014,47400000
South-eastern Asia (FAO),,2015,47900000
South-eastern Asia (FAO),,2016,41600000
South-eastern Asia (FAO),,2017,37400000
South-eastern Asia (FAO),,2018,36500000
South-eastern Asia (FAO),,2019,35000000
South-eastern Asia (FAO),,2020,35200000
South-eastern Asia (FAO),,2021,36000000
South-eastern Asia (FAO),,2022,34100000
Southern Africa (FAO),,2000,3000000
Southern Africa (FAO),,2001,2900000
Southern Africa (FAO),,2002,3100000
Southern Africa (FAO),,2003,2900000
Southern Africa (FAO),,2004,2800000
Southern Africa (FAO),,2005,2800000
Southern Africa (FAO),,2006,3000000
Southern Africa (FAO),,2007,3100000
Southern Africa (FAO),,2008,3300000
Southern Africa (FAO),,2009,3400000
Southern Africa (FAO),,2010,4200000
Southern Africa (FAO),,2011,4300000
Southern Africa (FAO),,2012,4099999.9999999995
Southern Africa (FAO),,2013,4500000
Southern Africa (FAO),,2014,5100000
Southern Africa (FAO),,2015,5900000
Southern Africa (FAO),,2016,5300000
Southern Africa (FAO),,2017,5100000
Southern Africa (FAO),,2018,5100000
Southern Africa (FAO),,2019,5500000
Southern Africa (FAO),,2020,6400000
Southern Africa (FAO),,2021,6800000
Southern Africa (FAO),,2022,7600000
Southern Asia (FAO),,2000,240000000
Southern Asia (FAO),,2001,271100000
Southern Asia (FAO),,2002,307100000
Southern Asia (FAO),,2003,308200000
Southern Asia (FAO),,2004,327500000
Southern Asia (FAO),,2005,325400000
Southern Asia (FAO),,2006,294900000
Southern Asia (FAO),,2007,259899999.99999997
Southern Asia (FAO),,2008,254200000
Southern Asia (FAO),,2009,265600000.00000003
Southern Asia (FAO),,2010,267899999.99999997
Southern Asia (FAO),,2011,258000000
Southern Asia (FAO),,2012,266399999.99999997
Southern Asia (FAO),,2013,255400000
Southern Asia (FAO),,2014,249600000
Southern Asia (FAO),,2015,260300000
Southern Asia (FAO),,2016,242800000
Southern Asia (FAO),,2017,232200000
Southern Asia (FAO),,2018,236200000
Southern Asia (FAO),,2019,258600000.00000003
Southern Asia (FAO),,2020,307700000
Southern Asia (FAO),,2021,326000000
Southern Asia (FAO),,2022,313600000
Sri Lanka,LKA,2001,3100000
Sri Lanka,LKA,2002,3000000
Sri Lanka,LKA,2003,3000000
Sri Lanka,LKA,2004,2900000
Sri Lanka,LKA,2005,2700000
Sri Lanka,LKA,2006,2600000
Sri Lanka,LKA,2007,2400000
Sri Lanka,LKA,2008,2200000
Sri Lanka,LKA,2009,2400000
Sri Lanka,LKA,2010,2700000
Sri Lanka,LKA,2011,2900000
Sri Lanka,LKA,2012,2700000
Sri Lanka,LKA,2013,2500000
Sri Lanka,LKA,2014,2200000
Sri Lanka,LKA,2015,1900000
Sri Lanka,LKA,2016,1700000
Sri Lanka,LKA,2017,1600000
Sri Lanka,LKA,2018,1500000
Sri Lanka,LKA,2019,1400000
Sri Lanka,LKA,2020,1200000
Sri Lanka,LKA,2021,1100000
Sub-Saharan Africa (FAO),,2000,172500000
Sub-Saharan Africa (FAO),,2001,172600000
Sub-Saharan Africa (FAO),,2002,173900000
Sub-Saharan Africa (FAO),,2003,175500000
Sub-Saharan Africa (FAO),,2004,175000000
Sub-Saharan Africa (FAO),,2005,166500000
Sub-Saharan Africa (FAO),,2006,167200000
Sub-Saharan Africa (FAO),,2007,171900000
Sub-Saharan Africa (FAO),,2008,172200000
Sub-Saharan Africa (FAO),,2009,171600000
Sub-Saharan Africa (FAO),,2010,149500000
Sub-Saharan Africa (FAO),,2011,150900000
Sub-Saharan Africa (FAO),,2012,153200000
Sub-Saharan Africa (FAO),,2013,159400000
Sub-Saharan Africa (FAO),,2014,166800000
Sub-Saharan Africa (FAO),,2015,177300000
Sub-Saharan Africa (FAO),,2016,190700000
Sub-Saharan Africa (FAO),,2017,193500000
Sub-Saharan Africa (FAO),,2018,201000000
Sub-Saharan Africa (FAO),,2019,210600000
Sub-Saharan Africa (FAO),,2020,239600000
Sub-Saharan Africa (FAO),,2021,253000000
Sub-Saharan Africa (FAO),,2022,262000000
Sudan,SDN,2013,3500000
Sudan,SDN,2014,3500000
Sudan,SDN,2015,3700000
Sudan,SDN,2016,4200000
Sudan,SDN,2017,4500000
Sudan,SDN,2018,4800000
Sudan,SDN,2019,4900000
Sudan,SDN,2020,5200000
Sudan,SDN,2021,5400000
Suriname,SUR,2001,100000
Suriname,SUR,2002,100000
Suriname,SUR,2003,100000
Suriname,SUR,2004,100000
Suriname,SUR,2005,100000
Suriname,SUR,2006,100000
Suriname,SUR,2007,100000
Suriname,SUR,2008,100000
Suriname,SUR,2009,100000
Suriname,SUR,2010,100000
Suriname,SUR,2011,100000
Suriname,SUR,2012,100000
Suriname,SUR,2013,100000
Suriname,SUR,2014,100000
Suriname,SUR,2015,100000
Suriname,SUR,2016,100000
Suriname,SUR,2017,100000
Suriname,SUR,2018,100000
Suriname,SUR,2019,100000
Suriname,SUR,2020,100000
Suriname,SUR,2021,100000
Syria,SYR,2001,1300000
Syria,SYR,2002,1200000
Syria,SYR,2003,1100000
Syria,SYR,2004,1000000
Syria,SYR,2005,900000
Syria,SYR,2006,900000
Syria,SYR,2007,900000
Syria,SYR,2008,800000
Syria,SYR,2009,900000
Syria,SYR,2010,1100000
Syria,SYR,2011,1400000
Syria,SYR,2012,1600000
Syria,SYR,2013,1800000
Syria,SYR,2014,1900000
Syria,SYR,2015,2200000
Syria,SYR,2016,2600000
Syria,SYR,2017,3200000
Syria,SYR,2018,3900000
Syria,SYR,2019,4700000
Syria,SYR,2020,5300000
Syria,SYR,2021,5900000
Taiwan,TWN,2001,800000
Taiwan,TWN,2002,900000
Taiwan,TWN,2003,900000
Taiwan,TWN,2004,900000
Taiwan,TWN,2005,1000000
Taiwan,TWN,2006,1000000
Taiwan,TWN,2007,1100000
Taiwan,TWN,2008,1100000
Taiwan,TWN,2009,1100000
Taiwan,TWN,2010,1100000
Taiwan,TWN,2011,1100000
Taiwan,TWN,2012,1100000
Taiwan,TWN,2013,1100000
Taiwan,TWN,2014,1000000
Taiwan,TWN,2015,1000000
Taiwan,TWN,2016,1000000
Taiwan,TWN,2017,1000000
Taiwan,TWN,2018,900000
Taiwan,TWN,2019,900000
Taiwan,TWN,2020,800000
Taiwan,TWN,2021,700000
Tajikistan,TJK,2001,2600000
Tajikistan,TJK,2002,2700000
Tajikistan,TJK,2003,2800000
Tajikistan,TJK,2004,2700000
Tajikistan,TJK,2005,2600000
Tajikistan,TJK,2006,2500000
Tajikistan,TJK,2007,2500000
Tajikistan,TJK,2008,2500000
Tajikistan,TJK,2009,2300000
Tajikistan,TJK,2010,2000000
Tajikistan,TJK,2011,1800000
Tajikistan,TJK,2012,1800000
Tajikistan,TJK,2013,1700000
Tajikistan,TJK,2014,1600000
Tajikistan,TJK,2015,1400000
Tajikistan,TJK,2016,1200000
Tajikistan,TJK,2017,1100000
Tajikistan,TJK,2018,1000000
Tajikistan,TJK,2019,900000
Tajikistan,TJK,2020,900000
Tajikistan,TJK,2021,900000
Tanzania,TZA,2001,11600000
Tanzania,TZA,2002,12200000
Tanzania,TZA,2003,12000000
Tanzania,TZA,2004,12000000
Tanzania,TZA,2005,11100000
Tanzania,TZA,2006,10400000
Tanzania,TZA,2007,10600000
Tanzania,TZA,2008,11000000
Tanzania,TZA,2009,11300000
Tanzania,TZA,2010,10700000
Tanzania,TZA,2011,10100000
Tanzania,TZA,2012,9900000
Tanzania,TZA,2013,10000000
Tanzania,TZA,2014,10300000
Tanzania,TZA,2015,10800000
Tanzania,TZA,2016,11500000
Tanzania,TZA,2017,12300000
Tanzania,TZA,2018,12900000
Tanzania,TZA,2019,13400000
Tanzania,TZA,2020,13700000
Tanzania,TZA,2021,14900000
Thailand,THA,2001,11000000
Thailand,THA,2002,10500000
Thailand,THA,2003,9700000
Thailand,THA,2004,8900000
Thailand,THA,2005,7800000
Thailand,THA,2006,7100000
Thailand,THA,2007,6800000
Thailand,THA,2008,7200000
Thailand,THA,2009,6900000
Thailand,THA,2010,6600000
Thailand,THA,2011,6000000
Thailand,THA,2012,5900000
Thailand,THA,2013,5500000
Thailand,THA,2014,5200000
Thailand,THA,2015,4900000
Thailand,THA,2016,4800000
Thailand,THA,2017,4800000
Thailand,THA,2018,4700000
Thailand,THA,2019,4300000
Thailand,THA,2020,4000000
Thailand,THA,2021,3700000
Togo,TGO,2001,1600000
Togo,TGO,2002,1700000
Togo,TGO,2003,1600000
Togo,TGO,2004,1600000
Togo,TGO,2005,1600000
Togo,TGO,2006,1600000
Togo,TGO,2007,1600000
Togo,TGO,2008,1600000
Togo,TGO,2009,1500000
Togo,TGO,2010,1400000
Togo,TGO,2011,1300000
Togo,TGO,2012,1400000
Togo,TGO,2013,1400000
Togo,TGO,2014,1400000
Togo,TGO,2015,1500000
Togo,TGO,2016,1600000
Togo,TGO,2017,1600000
Togo,TGO,2018,1600000
Togo,TGO,2019,1500000
Togo,TGO,2020,1500000
Togo,TGO,2021,1500000
Trinidad and Tobago,TTO,2001,100000
Trinidad and Tobago,TTO,2002,100000
Trinidad and Tobago,TTO,2003,200000
Trinidad and Tobago,TTO,2004,200000
Trinidad and Tobago,TTO,2005,200000
Trinidad and Tobago,TTO,2006,100000
Trinidad and Tobago,TTO,2007,100000
Trinidad and Tobago,TTO,2008,100000
Trinidad and Tobago,TTO,2009,100000
Trinidad and Tobago,TTO,2010,200000
Trinidad and Tobago,TTO,2011,200000
Trinidad and Tobago,TTO,2012,200000
Trinidad and Tobago,TTO,2013,200000
Trinidad and Tobago,TTO,2014,200000
Trinidad and Tobago,TTO,2015,200000
Trinidad and Tobago,TTO,2016,200000
Trinidad and Tobago,TTO,2017,200000
Trinidad and Tobago,TTO,2018,200000
Trinidad and Tobago,TTO,2019,200000
Trinidad and Tobago,TTO,2020,200000
Trinidad and Tobago,TTO,2021,200000
Tunisia,TUN,2001,400000
Tunisia,TUN,2002,500000
Tunisia,TUN,2003,500000
Tunisia,TUN,2004,500000
Tunisia,TUN,2005,400000
Tunisia,TUN,2006,500000
Tunisia,TUN,2007,400000
Tunisia,TUN,2008,400000
Tunisia,TUN,2009,400000
Tunisia,TUN,2010,400000
Tunisia,TUN,2011,400000
Tunisia,TUN,2012,400000
Tunisia,TUN,2013,300000
Tunisia,TUN,2014,300000
Tunisia,TUN,2015,300000
Tunisia,TUN,2016,300000
Tunisia,TUN,2017,300000
Tunisia,TUN,2020,300000
Tunisia,TUN,2021,400000
Turkmenistan,TKM,2001,300000
Turkmenistan,TKM,2002,300000
Turkmenistan,TKM,2003,200000
Turkmenistan,TKM,2004,200000
Turkmenistan,TKM,2005,200000
Turkmenistan,TKM,2006,200000
Turkmenistan,TKM,2007,200000
Turkmenistan,TKM,2008,200000
Turkmenistan,TKM,2009,300000
Turkmenistan,TKM,2010,300000
Turkmenistan,TKM,2011,400000
Turkmenistan,TKM,2012,400000
Turkmenistan,TKM,2013,300000
Turkmenistan,TKM,2014,300000
Turkmenistan,TKM,2015,300000
Turkmenistan,TKM,2016,300000
Turkmenistan,TKM,2017,300000
Turkmenistan,TKM,2018,300000
Turkmenistan,TKM,2019,400000
Turkmenistan,TKM,2020,400000
Turkmenistan,TKM,2021,400000
Uganda,UGA,2001,4600000
Uganda,UGA,2002,4300000
Uganda,UGA,2003,4200000
Uganda,UGA,2004,4300000
Uganda,UGA,2005,4700000
Uganda,UGA,2006,5300000
Uganda,UGA,2007,6000000
Uganda,UGA,2008,6300000
Uganda,UGA,2009,6100000
Uganda,UGA,2010,5900000
Uganda,UGA,2011,6000000
Uganda,UGA,2012,6600000
Uganda,UGA,2013,7500000
Uganda,UGA,2014,9000000
Uganda,UGA,2015,11300000
Uganda,UGA,2016,13300000
Uganda,UGA,2017,14200000
Uganda,UGA,2018,14200000
Uganda,UGA,2019,14000000
Uganda,UGA,2020,14000000
Uganda,UGA,2021,14500000
Ukraine,UKR,2001,1400000
Ukraine,UKR,2018,1300000
Ukraine,UKR,2019,1600000
Ukraine,UKR,2020,1800000
Ukraine,UKR,2021,2000000
United Arab Emirates,ARE,2001,100000
United Arab Emirates,ARE,2002,100000
United Arab Emirates,ARE,2003,200000
United Arab Emirates,ARE,2004,300000
United Arab Emirates,ARE,2005,300000
United Arab Emirates,ARE,2006,400000
United Arab Emirates,ARE,2007,500000
United Arab Emirates,ARE,2008,500000
United Arab Emirates,ARE,2009,600000
United Arab Emirates,ARE,2010,600000
United Arab Emirates,ARE,2011,600000
United Arab Emirates,ARE,2012,500000
United Arab Emirates,ARE,2013,400000
United Arab Emirates,ARE,2014,400000
United Arab Emirates,ARE,2015,400000
United Arab Emirates,ARE,2016,400000
United Arab Emirates,ARE,2017,400000
United Arab Emirates,ARE,2018,300000
United Arab Emirates,ARE,2019,300000
United Arab Emirates,ARE,2020,300000
Upper-middle-income economies (FAO),,2000,216400000
Upper-middle-income economies (FAO),,2001,207000000
Upper-middle-income economies (FAO),,2002,194700000
Upper-middle-income economies (FAO),,2003,186800000
Upper-middle-income economies (FAO),,2004,171800000
Upper-middle-income economies (FAO),,2005,154600000
Upper-middle-income economies (FAO),,2006,141200000
Upper-middle-income economies (FAO),,2007,124000000
Upper-middle-income economies (FAO),,2008,104900000
Upper-middle-income economies (FAO),,2009,96100000
Upper-middle-income economies (FAO),,2010,71300000
Upper-middle-income economies (FAO),,2011,64200000
Uruguay,URY,2001,100000
Uruguay,URY,2002,100000
Uruguay,URY,2003,100000
Uruguay,URY,2004,100000
Uruguay,URY,2005,100000
Uruguay,URY,2006,100000
Uzbekistan,UZB,2001,4500000
Uzbekistan,UZB,2002,4900000
Uzbekistan,UZB,2003,4900000
Uzbekistan,UZB,2004,4400000
Uzbekistan,UZB,2005,3900000
Uzbekistan,UZB,2006,3400000
Uzbekistan,UZB,2007,3100000
Uzbekistan,UZB,2008,3100000
Uzbekistan,UZB,2009,2400000
Uzbekistan,UZB,2010,1700000
Uzbekistan,UZB,2011,800000
Vanuatu,VUT,2001,100000
Vanuatu,VUT,2002,100000
Vanuatu,VUT,2003,100000
Vanuatu,VUT,2004,100000
Vanuatu,VUT,2005,100000
Vanuatu,VUT,2006,100000
Vanuatu,VUT,2007,100000
Vanuatu,VUT,2008,100000
Vanuatu,VUT,2009,100000
Vanuatu,VUT,2010,100000
Vanuatu,VUT,2011,100000
Vanuatu,VUT,2012,100000
Vanuatu,VUT,2013,100000
Vanuatu,VUT,2014,100000
Vanuatu,VUT,2015,100000
Vanuatu,VUT,2016,100000
Vanuatu,VUT,2017,100000
Vanuatu,VUT,2018,100000
Vanuatu,VUT,2019,100000
Vanuatu,VUT,2020,100000
Vanuatu,VUT,2021,100000
Venezuela,VEN,2001,3700000
Venezuela,VEN,2002,3800000
Venezuela,VEN,2003,3700000
Venezuela,VEN,2004,2600000
Venezuela,VEN,2005,2200000
Venezuela,VEN,2006,1900000
Venezuela,VEN,2007,1300000
Venezuela,VEN,2008,800000
Venezuela,VEN,2014,1100000
Venezuela,VEN,2015,3300000
Venezuela,VEN,2016,5200000
Venezuela,VEN,2017,7000000
Venezuela,VEN,2018,6800000
Venezuela,VEN,2019,6800000
Venezuela,VEN,2020,6200000
Venezuela,VEN,2021,5100000
Vietnam,VNM,2001,15600000
Vietnam,VNM,2002,14300000
Vietnam,VNM,2003,13000000
Vietnam,VNM,2004,12600000
Vietnam,VNM,2005,12600000
Vietnam,VNM,2006,12600000
Vietnam,VNM,2007,11700000
Vietnam,VNM,2008,10800000
Vietnam,VNM,2009,9600000
Vietnam,VNM,2010,8700000
Vietnam,VNM,2011,7600000
Vietnam,VNM,2012,7200000
Vietnam,VNM,2013,6800000
Vietnam,VNM,2014,6800000
Vietnam,VNM,2015,6500000
Vietnam,VNM,2016,6400000
Vietnam,VNM,2017,6000000
Vietnam,VNM,2018,5700000
Vietnam,VNM,2019,5300000
Vietnam,VNM,2020,4900000
Vietnam,VNM,2021,4900000
Western Africa (FAO),,2000,35600000
Western Africa (FAO),,2001,36000000
Western Africa (FAO),,2002,36200000
Western Africa (FAO),,2003,35600000
Western Africa (FAO),,2004,34100000
Western Africa (FAO),,2005,33200000.000000004
Western Africa (FAO),,2006,31900000
Western Africa (FAO),,2007,32000000
Western Africa (FAO),,2008,31200000
Western Africa (FAO),,2009,32200000.000000004
Western Africa (FAO),,2010,33600000
Western Africa (FAO),,2011,35000000
Western Africa (FAO),,2012,35900000
Western Africa (FAO),,2013,38100000
Western Africa (FAO),,2014,37000000
Western Africa (FAO),,2015,37900000
Western Africa (FAO),,2016,39200000
Western Africa (FAO),,2017,40100000
Western Africa (FAO),,2018,42900000
Western Africa (FAO),,2019,43800000
Western Africa (FAO),,2020,55800000
Western Africa (FAO),,2021,60800000
Western Africa (FAO),,2022,62800000
Western Asia (FAO),,2000,18200000
Western Asia (FAO),,2001,17500000
Western Asia (FAO),,2002,17500000
Western Asia (FAO),,2003,18000000
Western Asia (FAO),,2004,16700000
Western Asia (FAO),,2005,16600000.000000002
Western Asia (FAO),,2006,15800000
Western Asia (FAO),,2007,15400000
Western Asia (FAO),,2008,16700000
Western Asia (FAO),,2009,16399999.999999998
Western Asia (FAO),,2010,15400000
Western Asia (FAO),,2011,19200000
Western Asia (FAO),,2012,18900000
Western Asia (FAO),,2013,19700000
Western Asia (FAO),,2014,21100000
Western Asia (FAO),,2015,24100000
Western Asia (FAO),,2016,27000000
Western Asia (FAO),,2017,27000000
Western Asia (FAO),,2018,28700000
Western Asia (FAO),,2019,29100000
Western Asia (FAO),,2020,30000000
Western Asia (FAO),,2021,29600000
Western Asia (FAO),,2022,31600000
World,OWID_WRL,2000,781700000
World,OWID_WRL,2001,805100000
World,OWID_WRL,2002,827800000
World,OWID_WRL,2003,819400000
World,OWID_WRL,2004,820200000
World,OWID_WRL,2005,793400000
World,OWID_WRL,2006,746500000
World,OWID_WRL,2007,691000000
World,OWID_WRL,2008,663100000
World,OWID_WRL,2009,661800000
World,OWID_WRL,2010,597800000
World,OWID_WRL,2011,578300000
World,OWID_WRL,2012,580000000
World,OWID_WRL,2013,572300000
World,OWID_WRL,2014,563900000
World,OWID_WRL,2015,588900000
World,OWID_WRL,2016,586400000
World,OWID_WRL,2017,571800000
World,OWID_WRL,2018,586800000
World,OWID_WRL,2019,612800000
World,OWID_WRL,2020,701400000
World,OWID_WRL,2021,738900000
World,OWID_WRL,2022,735100000
Yemen,YEM,2001,5000000
Yemen,YEM,2002,5400000
Yemen,YEM,2003,5600000
Yemen,YEM,2004,5800000
Yemen,YEM,2005,5800000
Yemen,YEM,2006,5700000
Yemen,YEM,2007,5800000
Yemen,YEM,2008,5900000
Yemen,YEM,2009,5600000
Yemen,YEM,2010,6200000
Yemen,YEM,2011,6500000
Yemen,YEM,2012,7500000
Yemen,YEM,2013,7800000
Yemen,YEM,2014,9100000
Yemen,YEM,2015,11000000
Yemen,YEM,2016,12300000
Yemen,YEM,2017,12900000
Yemen,YEM,2018,12700000
Yemen,YEM,2019,12300000
Yemen,YEM,2020,11600000
Yemen,YEM,2021,11400000
Zambia,ZMB,2001,5100000
Zambia,ZMB,2002,5300000
Zambia,ZMB,2003,5400000
Zambia,ZMB,2004,5600000
Zambia,ZMB,2005,5900000
Zambia,ZMB,2006,6400000
Zambia,ZMB,2007,6800000
Zambia,ZMB,2008,6900000
Zambia,ZMB,2009,6500000
Zambia,ZMB,2010,6100000
Zambia,ZMB,2011,5700000
Zambia,ZMB,2012,5700000
Zambia,ZMB,2013,5600000
Zambia,ZMB,2014,5500000
Zambia,ZMB,2015,5400000
Zambia,ZMB,2016,5200000
Zambia,ZMB,2017,5100000
Zambia,ZMB,2018,5100000
Zambia,ZMB,2019,5400000
Zambia,ZMB,2020,5700000
Zambia,ZMB,2021,5800000
Zimbabwe,ZWE,2001,3900000
Zimbabwe,ZWE,2002,3800000
Zimbabwe,ZWE,2003,3800000
Zimbabwe,ZWE,2004,3800000
Zimbabwe,ZWE,2005,3700000
Zimbabwe,ZWE,2006,3600000
Zimbabwe,ZWE,2007,3600000
Zimbabwe,ZWE,2008,3600000
Zimbabwe,ZWE,2009,3500000
Zimbabwe,ZWE,2010,3400000
Zimbabwe,ZWE,2011,3300000
Zimbabwe,ZWE,2012,3300000
Zimbabwe,ZWE,2013,3700000
Zimbabwe,ZWE,2014,4200000
Zimbabwe,ZWE,2015,4600000
Zimbabwe,ZWE,2016,5100000
Zimbabwe,ZWE,2017,5400000
Zimbabwe,ZWE,2018,5800000
Zimbabwe,ZWE,2019,6000000
Zimbabwe,ZWE,2020,6100000
Zimbabwe,ZWE,2021,6100000
