Country,Code,Year,Number of wasted children
Afghanistan,AFG,1997,674497
Afghanistan,AFG,2004,404662
Afghanistan,AFG,2013,516138
Afghanistan,AFG,2018,313515
Albania,ALB,1997,26909
Albania,ALB,2000,35194
Albania,ALB,2005,15686
Albania,ALB,2009,16920
Albania,ALB,2017,2592
Algeria,DZA,1987,158606
Algeria,DZA,1992,271586
Algeria,DZA,1995,355037
Algeria,DZA,2000,94442
Algeria,DZA,2002,280809
Algeria,DZA,2006,130252
Algeria,DZA,2012,171698
Algeria,DZA,2019,132894
Angola,AGO,1996,211628
Angola,AGO,2007,322452
Angola,AGO,2015,252765
Argentina,ARG,1994,56525
Argentina,ARG,1996,149937
Argentina,ARG,2005,41877
Argentina,ARG,2019,56631
Armenia,ARM,1998,8347
Armenia,ARM,2000,5505
Armenia,ARM,2005,10120
Armenia,ARM,2010,7793
Armenia,ARM,2016,9378
Australia,AUS,1995,0
Australia,AUS,2007,0
Azerbaijan,AZE,1996,33018
Azerbaijan,AZE,2000,64574
Azerbaijan,AZE,2001,22107
Azerbaijan,AZE,2006,46885
Azerbaijan,AZE,2011,56237
Azerbaijan,AZE,2013,28811
Bahrain,BHR,1989,4655
Bahrain,BHR,1995,4663
Bangladesh,BGD,1986,2877452
Bangladesh,BGD,1990,2920975
Bangladesh,BGD,1991,2521978
Bangladesh,BGD,1992,2649177
Bangladesh,BGD,1993,2287941
Bangladesh,BGD,1994,2716583
Bangladesh,BGD,1995,2449525
Bangladesh,BGD,1996,2514594
Bangladesh,BGD,1997,3380011
Bangladesh,BGD,1998,2477143
Bangladesh,BGD,1999,2288037
Bangladesh,BGD,2000,2112038
Bangladesh,BGD,2001,2173232
Bangladesh,BGD,2002,2142567
Bangladesh,BGD,2003,2172630
Bangladesh,BGD,2004,2545771
Bangladesh,BGD,2005,2053778
Bangladesh,BGD,2006,2054560
Bangladesh,BGD,2007,2984334
Bangladesh,BGD,2011,2472203
Bangladesh,BGD,2013,2736572
Bangladesh,BGD,2014,2146765
Bangladesh,BGD,2018,1229317
Bangladesh,BGD,2019,1433621
Barbados,BRB,2012,1177
Belarus,BLR,2005,10223
Belgium,BEL,2014,2570
Belize,BLZ,2006,715
Belize,BLZ,2011,1229
Belize,BLZ,2015,676
Benin,BEN,1996,139267
Benin,BEN,2001,114030
Benin,BEN,2008,76796
Benin,BEN,2014,80245
Benin,BEN,2018,100051
Bhutan,BTN,1987,4414
Bhutan,BTN,1999,1868
Bhutan,BTN,2008,3064
Bhutan,BTN,2010,3929
Bolivia,BOL,1989,16079
Bolivia,BOL,1994,41087
Bolivia,BOL,1998,18568
Bolivia,BOL,2003,20218
Bolivia,BOL,2008,17175
Bolivia,BOL,2012,18852
Bolivia,BOL,2016,25363
Bosnia and Herzegovina,BIH,2000,17253
Bosnia and Herzegovina,BIH,2006,7760
Bosnia and Herzegovina,BIH,2012,4148
Botswana,BWA,1996,29839
Botswana,BWA,2000,13289
Botswana,BWA,2007,18357
Brazil,BRA,1989,439286
Brazil,BRA,1996,487396
Brazil,BRA,2007,284282
Brunei,BRN,2009,962
Bulgaria,BGR,2004,11125
Bulgaria,BGR,2007,17112
Bulgaria,BGR,2014,22864
Burkina Faso,BFA,1993,284776
Burkina Faso,BFA,1999,330163
Burkina Faso,BFA,2009,324955
Burkina Faso,BFA,2010,459588
Burkina Faso,BFA,2011,317189
Burkina Faso,BFA,2012,334934
Burkina Faso,BFA,2013,259732
Burkina Faso,BFA,2014,278603
Burkina Faso,BFA,2015,340844
Burkina Faso,BFA,2016,254597
Burkina Faso,BFA,2017,295406
Burkina Faso,BFA,2018,291296
Burkina Faso,BFA,2019,283430
Burundi,BDI,1987,68746
Burundi,BDI,2000,91130
Burundi,BDI,2005,121616
Burundi,BDI,2010,105651
Burundi,BDI,2016,105049
Burundi,BDI,2018,98710
Burundi,BDI,2019,98586
Cambodia,KHM,1996,245439
Cambodia,KHM,2000,262904
Cambodia,KHM,2005,131614
Cambodia,KHM,2008,144539
Cambodia,KHM,2010,177669
Cambodia,KHM,2014,160249
Cameroon,CMR,1991,98012
Cameroon,CMR,1998,154056
Cameroon,CMR,2004,178836
Cameroon,CMR,2006,232758
Cameroon,CMR,2011,199685
Cameroon,CMR,2014,194019
Cameroon,CMR,2018,176240
Cape Verde,CPV,1985,2605
Cape Verde,CPV,1994,4607
Central African Republic,CAF,1994,50495
Central African Republic,CAF,2000,69209
Central African Republic,CAF,2006,91474
Central African Republic,CAF,2010,61609
Central African Republic,CAF,2012,64405
Central African Republic,CAF,2014,55261
Central African Republic,CAF,2018,59421
Central African Republic,CAF,2019,48410
Chad,TCD,1997,253039
Chad,TCD,2000,236485
Chad,TCD,2004,312658
Chad,TCD,2010,390097
Chad,TCD,2015,370597
Chad,TCD,2017,394866
Chad,TCD,2018,404013
Chad,TCD,2019,425855
Chile,CHL,1986,9324
Chile,CHL,1994,7180
Chile,CHL,1995,7113
Chile,CHL,1996,7008
Chile,CHL,1998,8108
Chile,CHL,1999,6607
Chile,CHL,2001,6310
Chile,CHL,2002,6187
Chile,CHL,2003,6076
Chile,CHL,2004,5972
Chile,CHL,2006,5821
Chile,CHL,2007,3469
Chile,CHL,2008,3472
Chile,CHL,2013,3617
Chile,CHL,2014,3612
China,CHN,1987,5553505
China,CHN,1990,5351528
China,CHN,1992,4792082
China,CHN,1995,5102854
China,CHN,1998,2126443
China,CHN,2000,2102525
China,CHN,2002,2448535
China,CHN,2005,2327998
China,CHN,2008,2147201
China,CHN,2009,2191414
China,CHN,2010,1974271
China,CHN,2013,1707316
China,CHN,2017,1721307
Colombia,COL,1986,40464
Colombia,COL,1989,158313
Colombia,COL,1995,74213
Colombia,COL,2000,42999
Colombia,COL,2005,65973
Colombia,COL,2010,34383
Colombia,COL,2016,58102
Comoros,COM,1992,4292
Comoros,COM,1996,9041
Comoros,COM,2000,11958
Comoros,COM,2012,11500
Congo,COG,1987,24849
Congo,COG,2005,46984
Congo,COG,2011,45659
Congo,COG,2014,67798
Costa Rica,CRI,1996,9798
Costa Rica,CRI,2008,3671
Costa Rica,CRI,2018,6312
Cote d'Ivoire,CIV,1986,178164
Cote d'Ivoire,CIV,1994,210599
Cote d'Ivoire,CIV,1998,198050
Cote d'Ivoire,CIV,2007,484943
Cote d'Ivoire,CIV,2012,279780
Cote d'Ivoire,CIV,2016,236870
Cuba,CUB,2000,17274
Cuba,CUB,2019,11718
Czechia,CZE,1991,17989
Czechia,CZE,2001,20524
Democratic Republic of Congo,COD,1995,898757
Democratic Republic of Congo,COD,2001,1478989
Democratic Republic of Congo,COD,2007,1156605
Democratic Republic of Congo,COD,2010,1051494
Democratic Republic of Congo,COD,2013,1119053
Democratic Republic of Congo,COD,2017,1006746
Djibouti,DJI,1989,11007
Djibouti,DJI,1996,15111
Djibouti,DJI,2002,21906
Djibouti,DJI,2012,24484
Dominican Republic,DOM,1986,31136
Dominican Republic,DOM,1991,21240
Dominican Republic,DOM,1996,20916
Dominican Republic,DOM,2000,15251
Dominican Republic,DOM,2002,22218
Dominican Republic,DOM,2006,17006
Dominican Republic,DOM,2007,22869
Dominican Republic,DOM,2013,24817
East Timor,TLS,2002,20362
East Timor,TLS,2003,21720
East Timor,TLS,2007,34713
East Timor,TLS,2009,30213
East Timor,TLS,2013,15504
Ecuador,ECU,1986,31932
Ecuador,ECU,1999,41769
Ecuador,ECU,2004,31156
Ecuador,ECU,2006,32763
Ecuador,ECU,2012,38499
Ecuador,ECU,2014,25454
Ecuador,ECU,2019,55516
Egypt,EGY,1988,164399
Egypt,EGY,1991,399383
Egypt,EGY,1992,354914
Egypt,EGY,1995,502668
Egypt,EGY,1998,566895
Egypt,EGY,2003,485399
Egypt,EGY,2005,507673
Egypt,EGY,2008,796298
Egypt,EGY,2014,1160621
El Salvador,SLV,1988,17557
El Salvador,SLV,1993,12540
El Salvador,SLV,1998,11703
El Salvador,SLV,2003,9063
El Salvador,SLV,2008,9468
El Salvador,SLV,2014,12051
Equatorial Guinea,GNQ,1997,4212
Equatorial Guinea,GNQ,2000,10563
Equatorial Guinea,GNQ,2004,3609
Equatorial Guinea,GNQ,2011,6107
Eritrea,ERI,1993,41303
Eritrea,ERI,1995,62936
Eritrea,ERI,2002,63715
Eritrea,ERI,2010,72518
Estonia,EST,2014,1090
Eswatini,SWZ,2000,2523
Eswatini,SWZ,2006,4358
Eswatini,SWZ,2008,1675
Eswatini,SWZ,2010,1223
Eswatini,SWZ,2014,3027
Ethiopia,ETH,1992,949305
Ethiopia,ETH,2000,1581050
Ethiopia,ETH,2005,1737783
Ethiopia,ETH,2011,1483315
Ethiopia,ETH,2014,1362531
Ethiopia,ETH,2016,1588782
Ethiopia,ETH,2019,1219925
Fiji,FJI,1993,10397
Fiji,FJI,2004,6236
Gabon,GAB,2000,7948
Gabon,GAB,2012,9012
Gambia,GMB,2000,23825
Gambia,GMB,2006,23046
Gambia,GMB,2010,33533
Gambia,GMB,2012,35290
Gambia,GMB,2013,41790
Gambia,GMB,2018,24262
Gambia,GMB,2020,20869
Georgia,GEO,1999,9034
Georgia,GEO,2005,7009
Georgia,GEO,2009,3245
Georgia,GEO,2018,1699
Germany,DEU,2004,36684
Germany,DEU,2016,11018
Ghana,GHA,1988,188758
Ghana,GHA,1993,307619
Ghana,GHA,1997,236049
Ghana,GHA,1998,287596
Ghana,GHA,2003,275848
Ghana,GHA,2006,211637
Ghana,GHA,2008,318533
Ghana,GHA,2011,239755
Ghana,GHA,2014,194137
Ghana,GHA,2017,291842
Greece,GRC,2003,3194
Guatemala,GTM,1987,28017
Guatemala,GTM,1995,66245
Guatemala,GTM,1999,53900
Guatemala,GTM,2000,69526
Guatemala,GTM,2002,36448
Guatemala,GTM,2009,19199
Guatemala,GTM,2015,15773
Guinea,GIN,1994,182871
Guinea,GIN,1999,140821
Guinea,GIN,2005,171866
Guinea,GIN,2007,116661
Guinea,GIN,2012,181417
Guinea,GIN,2016,158068
Guinea,GIN,2018,185746
Guinea-Bissau,GNB,2000,25262
Guinea-Bissau,GNB,2010,15627
Guinea-Bissau,GNB,2012,16993
Guinea-Bissau,GNB,2014,17023
Guinea-Bissau,GNB,2019,22883
Guyana,GUY,1993,6639
Guyana,GUY,1997,13482
Guyana,GUY,2000,11899
Guyana,GUY,2006,7049
Guyana,GUY,2009,4400
Guyana,GUY,2014,4943
Haiti,HTI,1990,66429
Haiti,HTI,1994,108312
Haiti,HTI,2000,65521
Haiti,HTI,2006,123811
Haiti,HTI,2012,63253
Haiti,HTI,2017,46695
Honduras,HND,1987,18959
Honduras,HND,1991,21249
Honduras,HND,1994,25492
Honduras,HND,1996,15730
Honduras,HND,2001,13839
Honduras,HND,2006,15190
Honduras,HND,2012,14745
India,IND,1989,24683803
India,IND,1991,24725605
India,IND,1992,24769711
India,IND,1997,23624431
India,IND,1999,22167545
India,IND,2006,26285885
India,IND,2014,18807845
India,IND,2015,25600142
India,IND,2017,20842135
Indonesia,IDN,1996,3284577
Indonesia,IDN,2000,1237998
Indonesia,IDN,2001,1215021
Indonesia,IDN,2004,3219758
Indonesia,IDN,2007,3373148
Indonesia,IDN,2010,2903257
Indonesia,IDN,2013,3251343
Indonesia,IDN,2018,2362686
Iran,IRN,1995,608533
Iran,IRN,1998,360665
Iran,IRN,2004,252902
Iran,IRN,2010,243797
Iraq,IRQ,1991,134250
Iraq,IRQ,2000,268791
Iraq,IRQ,2003,243179
Iraq,IRQ,2004,305107
Iraq,IRQ,2006,260934
Iraq,IRQ,2011,322692
Iraq,IRQ,2018,172259
Jamaica,JAM,1989,9880
Jamaica,JAM,1991,16635
Jamaica,JAM,1992,8133
Jamaica,JAM,1994,9072
Jamaica,JAM,1995,14592
Jamaica,JAM,1996,7590
Jamaica,JAM,1997,6598
Jamaica,JAM,1998,7670
Jamaica,JAM,1999,6911
Jamaica,JAM,2000,8327
Jamaica,JAM,2001,8539
Jamaica,JAM,2002,6184
Jamaica,JAM,2004,10891
Jamaica,JAM,2006,8788
Jamaica,JAM,2007,6352
Jamaica,JAM,2008,5782
Jamaica,JAM,2010,10637
Jamaica,JAM,2012,6321
Jamaica,JAM,2014,7279
Jamaica,JAM,2016,6442
Japan,JPN,2010,124400
Jordan,JOR,1990,23901
Jordan,JOR,1997,17685
Jordan,JOR,2002,18468
Jordan,JOR,2009,14465
Jordan,JOR,2012,22841
Kazakhstan,KAZ,1995,105579
Kazakhstan,KAZ,1999,30741
Kazakhstan,KAZ,2006,64341
Kazakhstan,KAZ,2010,68526
Kazakhstan,KAZ,2015,58991
Kenya,KEN,1987,228401
Kenya,KEN,1993,329888
Kenya,KEN,1994,319236
Kenya,KEN,1998,362238
Kenya,KEN,2000,392534
Kenya,KEN,2003,358875
Kenya,KEN,2005,421045
Kenya,KEN,2008,454133
Kenya,KEN,2011,435714
Kenya,KEN,2014,287924
Kiribati,KIR,1985,1339
Kiribati,KIR,2018,574
Kuwait,KWT,1996,3261
Kuwait,KWT,2001,4396
Kuwait,KWT,2002,4394
Kuwait,KWT,2003,5159
Kuwait,KWT,2004,6648
Kuwait,KWT,2005,6529
Kuwait,KWT,2006,5868
Kuwait,KWT,2007,8085
Kuwait,KWT,2008,5251
Kuwait,KWT,2009,4511
Kuwait,KWT,2010,6280
Kuwait,KWT,2011,4727
Kuwait,KWT,2012,7141
Kuwait,KWT,2013,8442
Kuwait,KWT,2014,7676
Kuwait,KWT,2015,9948
Kuwait,KWT,2016,7564
Kuwait,KWT,2017,7698
Kyrgyzstan,KGZ,1997,17000
Kyrgyzstan,KGZ,2006,18480
Kyrgyzstan,KGZ,2009,7960
Kyrgyzstan,KGZ,2012,19914
Kyrgyzstan,KGZ,2014,21536
Kyrgyzstan,KGZ,2018,16222
Laos,LAO,1993,95800
Laos,LAO,1994,101716
Laos,LAO,2000,143322
Laos,LAO,2006,57611
Laos,LAO,2011,45838
Laos,LAO,2015,74389
Laos,LAO,2017,70164
Lebanon,LBN,1996,16553
Lebanon,LBN,2004,28379
Lesotho,LSO,1992,9066
Lesotho,LSO,1993,63140
Lesotho,LSO,2004,14419
Lesotho,LSO,2009,9815
Lesotho,LSO,2014,7493
Lesotho,LSO,2018,5765
Liberia,LBR,2000,36752
Liberia,LBR,2007,49415
Liberia,LBR,2010,27239
Liberia,LBR,2013,40164
Liberia,LBR,2016,31478
Liberia,LBR,2019,25018
Libya,LBY,1995,20757
Libya,LBY,2007,43725
Libya,LBY,2014,68441
Madagascar,MDG,1992,146950
Madagascar,MDG,1993,389851
Madagascar,MDG,1995,229181
Madagascar,MDG,1997,241560
Madagascar,MDG,2004,468664
Madagascar,MDG,2012,274191
Madagascar,MDG,2018,252082
Malawi,MWI,1992,122847
Malawi,MWI,1995,157635
Malawi,MWI,1998,170865
Malawi,MWI,2000,140222
Malawi,MWI,2002,136956
Malawi,MWI,2004,145381
Malawi,MWI,2006,103447
Malawi,MWI,2009,48085
Malawi,MWI,2010,108841
Malawi,MWI,2014,108013
Malawi,MWI,2015,80161
Malawi,MWI,2016,112290
Malawi,MWI,2017,69511
Malawi,MWI,2018,37943
Malawi,MWI,2019,17690
Malaysia,MYS,1999,414917
Malaysia,MYS,2006,346861
Malaysia,MYS,2015,205613
Malaysia,MYS,2016,299188
Malaysia,MYS,2019,253217
Maldives,MDV,1994,6531
Maldives,MDV,1995,7454
Maldives,MDV,1997,7323
Maldives,MDV,2001,4078
Maldives,MDV,2009,3279
Maldives,MDV,2017,3496
Mali,MLI,1987,179427
Mali,MLI,1996,410503
Mali,MLI,2001,271841
Mali,MLI,2006,405893
Mali,MLI,2010,268967
Mali,MLI,2011,324083
Mali,MLI,2014,443922
Mali,MLI,2015,469109
Mali,MLI,2016,377325
Mali,MLI,2017,382595
Mali,MLI,2018,335722
Mali,MLI,2019,355183
Marshall Islands,MHL,2017,200
Mauritania,MRT,1988,63928
Mauritania,MRT,1996,36890
Mauritania,MRT,2000,69009
Mauritania,MRT,2007,69042
Mauritania,MRT,2008,42533
Mauritania,MRT,2011,83824
Mauritania,MRT,2012,73865
Mauritania,MRT,2015,96429
Mauritania,MRT,2018,75713
Mauritius,MUS,1985,19944
Mauritius,MUS,1995,17392
Mexico,MEX,1988,670678
Mexico,MEX,1989,672645
Mexico,MEX,1996,973488
Mexico,MEX,1998,227275
Mexico,MEX,2006,227540
Mexico,MEX,2012,178415
Mexico,MEX,2015,109468
Mexico,MEX,2016,216667
Mexico,MEX,2019,144578
Moldova,MDA,2005,13265
Moldova,MDA,2012,4349
Mongolia,MNG,1992,7909
Mongolia,MNG,1999,11101
Mongolia,MNG,2000,17954
Mongolia,MNG,2004,1448
Mongolia,MNG,2005,6498
Mongolia,MNG,2010,4637
Mongolia,MNG,2013,3309
Mongolia,MNG,2016,4448
Mongolia,MNG,2018,3523
Montenegro,MNE,2005,1753
Montenegro,MNE,2013,1105
Montenegro,MNE,2018,842
Morocco,MAR,1987,139129
Morocco,MAR,1992,87832
Morocco,MAR,1997,152409
Morocco,MAR,2003,335594
Morocco,MAR,2011,75743
Morocco,MAR,2017,89055
Mozambique,MOZ,1995,260945
Mozambique,MOZ,1997,281974
Mozambique,MOZ,2001,261643
Mozambique,MOZ,2003,184260
Mozambique,MOZ,2008,161413
Mozambique,MOZ,2011,256759
Mozambique,MOZ,2015,205231
Myanmar,MMR,1991,633784
Myanmar,MMR,1994,457768
Myanmar,MMR,1997,472849
Myanmar,MMR,2000,519579
Myanmar,MMR,2003,569524
Myanmar,MMR,2009,366567
Myanmar,MMR,2016,296282
Myanmar,MMR,2018,301969
Namibia,NAM,1992,23764
Namibia,NAM,2000,26330
Namibia,NAM,2007,20060
Namibia,NAM,2013,21706
Nauru,NRU,2007,14
Nepal,NPL,1995,210514
Nepal,NPL,1996,448239
Nepal,NPL,1998,283778
Nepal,NPL,2001,398854
Nepal,NPL,2006,423015
Nepal,NPL,2011,337364
Nepal,NPL,2014,332329
Nepal,NPL,2016,282411
Nepal,NPL,2019,352224
Netherlands,NLD,1996,11736
Netherlands,NLD,2009,9279
Nicaragua,NIC,1993,17946
Nicaragua,NIC,1998,24109
Nicaragua,NIC,2001,15891
Nicaragua,NIC,2004,2028
Nicaragua,NIC,2007,10029
Nicaragua,NIC,2012,15046
Niger,NER,1985,369352
Niger,NER,1992,327990
Niger,NER,1998,432057
Niger,NER,2000,382189
Niger,NER,2006,340172
Niger,NER,2007,379936
Niger,NER,2008,434707
Niger,NER,2009,407989
Niger,NER,2010,534245
Niger,NER,2011,441244
Niger,NER,2012,485617
Niger,NER,2013,464787
Niger,NER,2014,550390
Niger,NER,2015,545141
Niger,NER,2016,431618
Niger,NER,2018,629409
Niger,NER,2019,453730
Nigeria,NGA,1990,1950165
Nigeria,NGA,1993,3678692
Nigeria,NGA,2003,2635417
Nigeria,NGA,2011,3000292
Nigeria,NGA,2014,2471711
Nigeria,NGA,2015,2320703
Nigeria,NGA,2016,3484070
Nigeria,NGA,2018,2258741
Nigeria,NGA,2020,2227488
North Korea,PRK,1998,431838
North Korea,PRK,2000,243547
North Korea,PRK,2002,165387
North Korea,PRK,2004,154933
North Korea,PRK,2009,87215
North Korea,PRK,2012,63901
North Korea,PRK,2017,41368
North Macedonia,MKD,1999,2341
North Macedonia,MKD,2005,4397
North Macedonia,MKD,2011,2101
North Macedonia,MKD,2019,3798
Oman,OMN,1991,24131
Oman,OMN,1994,22163
Oman,OMN,1999,22843
Oman,OMN,2009,19949
Oman,OMN,2014,27470
Oman,OMN,2017,38928
Pakistan,PAK,1986,4291630
Pakistan,PAK,1991,2640763
Pakistan,PAK,1992,3722034
Pakistan,PAK,2001,3475333
Pakistan,PAK,2011,4167102
Pakistan,PAK,2013,3028531
Pakistan,PAK,2018,2080281
Palestine,PSE,1996,15881
Palestine,PSE,2000,11268
Palestine,PSE,2004,18612
Palestine,PSE,2006,10637
Palestine,PSE,2010,20479
Palestine,PSE,2014,8028
Palestine,PSE,2020,9272
Panama,PAN,1997,4261
Panama,PAN,2003,5543
Panama,PAN,2008,4355
Papua New Guinea,PNG,1983,29733
Papua New Guinea,PNG,2005,41808
Papua New Guinea,PNG,2010,148512
Paraguay,PRY,1990,3858
Paraguay,PRY,1998,10997
Paraguay,PRY,2005,7134
Paraguay,PRY,2012,16500
Paraguay,PRY,2016,6579
Peru,PER,1991,60090
Peru,PER,1996,50460
Peru,PER,2000,33958
Peru,PER,2005,30068
Peru,PER,2007,24282
Peru,PER,2009,18375
Peru,PER,2010,21426
Peru,PER,2011,12196
Peru,PER,2012,18175
Peru,PER,2013,12012
Peru,PER,2014,17834
Peru,PER,2015,17632
Peru,PER,2016,17436
Peru,PER,2017,14410
Peru,PER,2018,14388
Peru,PER,2019,11550
Philippines,PHL,1987,502484
Philippines,PHL,1990,637193
Philippines,PHL,1992,841048
Philippines,PHL,1993,883499
Philippines,PHL,1998,828096
Philippines,PHL,2003,651814
Philippines,PHL,2008,745647
Philippines,PHL,2011,809439
Philippines,PHL,2013,881585
Philippines,PHL,2015,788219
Philippines,PHL,2018,655766
Poland,POL,2011,14515
Portugal,PRT,2016,2594
Qatar,QAT,1995,1058
Romania,ROU,1991,55148
Romania,ROU,1999,41030
Romania,ROU,2000,48518
Romania,ROU,2001,43640
Romania,ROU,2002,38750
Rwanda,RWA,1992,70949
Rwanda,RWA,1996,127407
Rwanda,RWA,2000,116826
Rwanda,RWA,2005,74682
Rwanda,RWA,2009,83360
Rwanda,RWA,2010,47815
Rwanda,RWA,2012,39896
Rwanda,RWA,2015,34252
Rwanda,RWA,2018,35985
Rwanda,RWA,2020,20466
Saint Lucia,LCA,2012,427
Samoa,WSM,1999,365
Samoa,WSM,2014,1140
Samoa,WSM,2019,906
Sao Tome and Principe,STP,1986,1136
Sao Tome and Principe,STP,2014,1234
Sao Tome and Principe,STP,2019,1256
Saudi Arabia,SAU,1994,77349
Saudi Arabia,SAU,2004,334932
Senegal,SEN,1986,64247
Senegal,SEN,1991,123978
Senegal,SEN,1993,134039
Senegal,SEN,1996,122668
Senegal,SEN,2000,161708
Senegal,SEN,2005,159501
Senegal,SEN,2011,211893
Senegal,SEN,2012,192756
Senegal,SEN,2013,204317
Senegal,SEN,2014,136924
Senegal,SEN,2015,184363
Senegal,SEN,2016,170375
Senegal,SEN,2017,218854
Senegal,SEN,2018,192149
Senegal,SEN,2019,202148
Serbia,SRB,2005,17364
Serbia,SRB,2010,11736
Serbia,SRB,2014,13814
Serbia,SRB,2019,9104
Seychelles,SYC,1988,218
Seychelles,SYC,2012,358
Sierra Leone,SLE,1989,60859
Sierra Leone,SLE,1990,76836
Sierra Leone,SLE,2000,93672
Sierra Leone,SLE,2005,100128
Sierra Leone,SLE,2010,79486
Sierra Leone,SLE,2014,51571
Sierra Leone,SLE,2017,58304
Sierra Leone,SLE,2019,62785
Singapore,SGP,2000,8885
Solomon Islands,SLB,1989,4048
Solomon Islands,SLB,2007,3387
Solomon Islands,SLB,2015,7993
Somalia,SOM,1999,325156
Somalia,SOM,2006,283899
Somalia,SOM,2009,328361
South Africa,ZAF,1994,192423
South Africa,ZAF,1999,231179
South Africa,ZAF,2008,246960
South Africa,ZAF,2015,201400
South Africa,ZAF,2016,143805
South Africa,ZAF,2017,194351
South Korea,KOR,2003,25554
South Korea,KOR,2009,26842
South Sudan,SSD,2006,365527
South Sudan,SSD,2010,370192
Sri Lanka,LKA,1987,269694
Sri Lanka,LKA,1993,259797
Sri Lanka,LKA,1995,263345
Sri Lanka,LKA,2000,258191
Sri Lanka,LKA,2007,272940
Sri Lanka,LKA,2009,215197
Sri Lanka,LKA,2012,383878
Sri Lanka,LKA,2016,260622
Sudan,SDN,2006,701883
Sudan,SDN,2010,844199
Sudan,SDN,2014,982371
Suriname,SUR,2000,3850
Suriname,SUR,2006,2737
Suriname,SUR,2010,2752
Suriname,SUR,2018,2967
Syria,SYR,1993,216536
Syria,SYR,1995,229973
Syria,SYR,2000,116058
Syria,SYR,2001,245195
Syria,SYR,2006,279149
Syria,SYR,2010,356298
Tajikistan,TJK,1999,104579
Tajikistan,TJK,2000,84972
Tajikistan,TJK,2001,175988
Tajikistan,TJK,2002,55768
Tajikistan,TJK,2003,54185
Tajikistan,TJK,2005,80668
Tajikistan,TJK,2007,64996
Tajikistan,TJK,2009,42549
Tajikistan,TJK,2012,109694
Tajikistan,TJK,2016,43409
Tajikistan,TJK,2017,70324
Tanzania,TZA,1991,377182
Tanzania,TZA,1996,463989
Tanzania,TZA,1999,329591
Tanzania,TZA,2004,239212
Tanzania,TZA,2009,228671
Tanzania,TZA,2010,394042
Tanzania,TZA,2011,508044
Tanzania,TZA,2013,374448
Tanzania,TZA,2014,331301
Tanzania,TZA,2015,403527
Tanzania,TZA,2018,344264
Thailand,THA,1987,310526
Thailand,THA,1993,374136
Thailand,THA,1995,335709
Thailand,THA,2006,195168
Thailand,THA,2012,272309
Thailand,THA,2016,208510
Thailand,THA,2019,273870
Togo,TGO,1988,38455
Togo,TGO,1998,97192
Togo,TGO,2008,60611
Togo,TGO,2009,63374
Togo,TGO,2010,50243
Togo,TGO,2012,61635
Togo,TGO,2014,76345
Togo,TGO,2017,68508
Tonga,TON,1986,187
Tonga,TON,2012,732
Tonga,TON,2019,138
Trinidad and Tobago,TTO,1987,7609
Trinidad and Tobago,TTO,2000,5108
Trinidad and Tobago,TTO,2011,6539
Tunisia,TUN,1988,34952
Tunisia,TUN,1997,69326
Tunisia,TUN,2000,25089
Tunisia,TUN,2006,28460
Tunisia,TUN,2012,27111
Tunisia,TUN,2018,22731
Turkey,TUR,1993,258126
Turkey,TUR,1998,204301
Turkey,TUR,2004,71393
Turkey,TUR,2008,63370
Turkey,TUR,2013,123463
Turkey,TUR,2018,118877
Turkmenistan,TKM,2000,37844
Turkmenistan,TKM,2006,36391
Turkmenistan,TKM,2015,29191
Turkmenistan,TKM,2019,29015
Tuvalu,TUV,2007,38
Uganda,UGA,1988,101558
Uganda,UGA,1995,251140
Uganda,UGA,2000,243192
Uganda,UGA,2006,352869
Uganda,UGA,2009,267243
Uganda,UGA,2011,290996
Uganda,UGA,2012,270964
Uganda,UGA,2014,254287
Uganda,UGA,2016,241871
Ukraine,UKR,2000,174246
United States,USA,1991,94840
United States,USA,2000,96837
United States,USA,2002,58886
United States,USA,2004,139879
United States,USA,2006,181796
United States,USA,2008,122612
United States,USA,2010,20374
United States,USA,2012,60812
United States,USA,2014,60347
United States,USA,2016,80407
United States,USA,2018,20021
Uruguay,URY,1999,6238
Uruguay,URY,2002,6207
Uruguay,URY,2003,7138
Uruguay,URY,2004,7550
Uruguay,URY,2007,6120
Uruguay,URY,2011,3084
Uruguay,URY,2013,2361
Uruguay,URY,2016,1654
Uruguay,URY,2018,3182
Uzbekistan,UZB,1996,344862
Uzbekistan,UZB,2002,241192
Uzbekistan,UZB,2006,115211
Uzbekistan,UZB,2017,62279
Vanuatu,VUT,1996,1969
Vanuatu,VUT,2008,2010
Vanuatu,VUT,2013,1902
Venezuela,VEN,1987,56971
Venezuela,VEN,1990,154580
Venezuela,VEN,1991,123339
Venezuela,VEN,1992,118676
Venezuela,VEN,1993,110899
Venezuela,VEN,1994,105662
Venezuela,VEN,1995,105857
Venezuela,VEN,1996,106011
Venezuela,VEN,1997,106206
Venezuela,VEN,1998,123295
Venezuela,VEN,1999,112487
Venezuela,VEN,2000,110172
Venezuela,VEN,2001,124911
Venezuela,VEN,2002,136937
Venezuela,VEN,2003,149050
Venezuela,VEN,2004,149695
Venezuela,VEN,2005,138764
Venezuela,VEN,2006,139373
Venezuela,VEN,2007,145774
Venezuela,VEN,2008,131646
Venezuela,VEN,2009,120251
Vietnam,VNM,1988,1009078
Vietnam,VNM,1993,606590
Vietnam,VNM,1994,1207207
Vietnam,VNM,1998,920296
Vietnam,VNM,1999,814471
Vietnam,VNM,2000,436843
Vietnam,VNM,2002,621321
Vietnam,VNM,2003,762798
Vietnam,VNM,2004,796396
Vietnam,VNM,2005,759196
Vietnam,VNM,2006,703818
Vietnam,VNM,2007,717293
Vietnam,VNM,2008,689016
Vietnam,VNM,2009,505009
Vietnam,VNM,2010,292305
Vietnam,VNM,2011,473791
Vietnam,VNM,2012,485945
Vietnam,VNM,2013,483940
Vietnam,VNM,2014,503988
Vietnam,VNM,2015,479057
Vietnam,VNM,2017,437927
World,OWID_WRL,2020,45434879
Yemen,YEM,1991,410097
Yemen,YEM,1996,571683
Yemen,YEM,1997,545601
Yemen,YEM,2003,530373
Yemen,YEM,2005,495030
Yemen,YEM,2011,544277
Yemen,YEM,2013,696998
Zambia,ZMB,1992,97474
Zambia,ZMB,1996,90498
Zambia,ZMB,1999,91909
Zambia,ZMB,2002,122777
Zambia,ZMB,2007,129512
Zambia,ZMB,2013,168753
Zambia,ZMB,2018,123325
Zimbabwe,ZWE,1988,29146
Zimbabwe,ZWE,1994,87008
Zimbabwe,ZWE,1999,144864
Zimbabwe,ZWE,2005,141001
Zimbabwe,ZWE,2009,47718
Zimbabwe,ZWE,2010,64914
Zimbabwe,ZWE,2014,72222
Zimbabwe,ZWE,2015,75270
Zimbabwe,ZWE,2019,66170
